,player_x,player_y,player_name,time_remaining,shotClock,half,pos_id
1,48.28024792,29.57724018,Devon Goodman,1192,25,1,1
2,15.22969038,25.09815131,AJ Brodeur,1192,25,1,1
3,21.04208551,46.24292224,Jordan Dingle,1192,25,1,1
4,3.604900119,19.41945882,Ryan Betley,1192,25,1,1
5,47.29807731,8.997391638,Max Martz,1192,25,1,1
6,35.27243221,23.66177259,Christian Juzang,1192,25,1,1
7,16.83310973,22.15859288,Chris Lewis,1192,25,1,1
8,9.41729525,13.77417447,Noah Kirkwood,1192,25,1,1
9,21.44294035,34.81873321,Justin Bassey,1192,25,1,1
10,33.66901286,12.77205263,Robert Baker,1192,25,1,1
11,20.84165809,46.24292224,ball,1192,25,1,1
1,47.21130169,23.43089286,Devon Goodman,1191,24,1,1
2,14.22755329,24.56368225,AJ Brodeur,1191,24,1,1
3,17.23396456,42.10081453,Jordan Dingle,1191,24,1,1
4,7.613448485,29.40727525,Ryan Betley,1191,24,1,1
5,46.49636763,6.993147949,Max Martz,1191,24,1,1
6,38.07841607,20.32136848,Christian Juzang,1191,24,1,1
7,19.23823875,17.71585169,Chris Lewis,1191,24,1,1
8,13.42584362,24.7307046,Noah Kirkwood,1191,24,1,1
9,18.43652907,38.15913732,Justin Bassey,1191,24,1,1
10,32.46644835,9.69887693,Robert Baker,1191,24,1,1
11,9.617722668,34.75192305,ball,1191,24,1,1
1,47.49850473,23.82879494,Devon Goodman,1190,23,1,1
2,13.42584362,22.86007512,AJ Brodeur,1190,23,1,1
3,4.406609793,28.20472903,Jordan Dingle,1190,23,1,1
4,16.63268231,31.24449047,Ryan Betley,1190,23,1,1
5,47.89935956,6.258260635,Max Martz,1190,23,1,1
6,32.46644835,24.7307046,Christian Juzang,1190,23,1,1
7,16.43225489,18.11670042,Chris Lewis,1190,23,1,1
8,17.03353715,30.34258693,Noah Kirkwood,1190,23,1,1
9,12.22327911,24.12943149,Justin Bassey,1190,23,1,1
10,32.86730319,9.69887693,Robert Baker,1190,23,1,1
11,4.206182374,28.13791887,ball,1190,23,1,1
1,47.29807731,24.32985586,Devon Goodman,1189,22,1,1
2,13.42584362,24.36325788,AJ Brodeur,1189,22,1,1
3,7.212593649,24.69730258,Jordan Dingle,1189,22,1,1
4,24.64977904,34.85213523,Ryan Betley,1189,22,1,1
5,47.69893214,6.158048451,Max Martz,1189,22,1,1
6,35.27243221,21.35689235,Christian Juzang,1189,22,1,1
7,16.63268231,15.711608,Chris Lewis,1189,22,1,1
8,23.84806937,26.93537266,Noah Kirkwood,1189,22,1,1
9,12.22327911,23.32773402,Justin Bassey,1189,22,1,1
10,33.06773061,9.69887693,Robert Baker,1189,22,1,1
11,7.212593649,24.93112897,ball,1189,22,1,1
1,44.09123861,18.65116643,Devon Goodman,1188,21,1,1
2,12.42370652,22.72646091,AJ Brodeur,1188,21,1,1
3,17.43439198,24.32985586,Jordan Dingle,1188,21,1,1
4,31.46431126,31.44492096,Ryan Betley,1188,21,1,1
5,46.49636763,6.993147949,Max Martz,1188,21,1,1
6,33.46858544,19.82030756,Christian Juzang,1188,21,1,1
7,19.03781133,17.81606387,Chris Lewis,1188,21,1,1
8,23.44721453,23.82879494,Noah Kirkwood,1188,21,1,1
9,16.43225489,23.22752183,Justin Bassey,1188,21,1,1
10,34.47072254,7.794845425,Robert Baker,1188,21,1,1
11,17.23396456,24.83091678,ball,1188,21,1,1
1,32.71370114,11.62017461,Devon Goodman,1187,20,1,1
2,8.615585577,19.61988319,AJ Brodeur,1187,20,1,1
3,22.44507744,20.6888152,Jordan Dingle,1187,20,1,1
4,39.48140799,27.50324374,Ryan Betley,1187,20,1,1
5,46.49636763,11.6697186,Max Martz,1187,20,1,1
6,33.46858544,16.84734405,Christian Juzang,1187,20,1,1
7,17.6348194,14.44225162,Chris Lewis,1187,20,1,1
8,27.25533548,24.2630457,Noah Kirkwood,1187,20,1,1
9,22.0442226,17.24819279,Justin Bassey,1187,20,1,1
10,32.66687577,8.830369292,Robert Baker,1187,20,1,1
11,8.415158158,20.05413395,ball,1187,20,1,1
1,23.64764195,7.527610894,Devon Goodman,1186,19,1,1
2,18.23610165,5.122518467,AJ Brodeur,1186,19,1,1
3,16.43225489,25.96665284,Jordan Dingle,1186,19,1,1
4,29.46003708,29.17344274,Ryan Betley,1186,19,1,1
5,43.48995636,19.35264866,Max Martz,1186,19,1,1
6,24.04849679,7.928459632,Christian Juzang,1186,19,1,1
7,18.63695649,5.523367205,Chris Lewis,1186,19,1,1
8,30.06131933,24.16283352,Noah Kirkwood,1186,19,1,1
9,20.44080326,18.35052682,Justin Bassey,1186,19,1,1
10,32.46644835,8.730157108,Robert Baker,1186,19,1,1
11,17.6348194,4.721669729,ball,1186,19,1,1
1,14.60844165,14.40436951,Devon Goodman,1185,18,1,1
2,19.43866616,4.52124536,AJ Brodeur,1185,18,1,1
3,13.02498878,25.76622847,Jordan Dingle,1185,18,1,1
4,32.26602094,27.16919905,Ryan Betley,1185,18,1,1
5,44.49209345,16.5467075,Max Martz,1185,18,1,1
6,18.83738391,7.728035263,Christian Juzang,1185,18,1,1
7,20.44080326,5.556775344,Chris Lewis,1185,18,1,1
8,30.46217417,21.59072486,Noah Kirkwood,1185,18,1,1
9,19.03781133,18.98520806,Justin Bassey,1185,18,1,1
10,35.87371446,11.97035515,Robert Baker,1185,18,1,1
11,19.23823875,4.955502237,ball,1185,18,1,1
1,5.408746884,14.10821305,Devon Goodman,1184,17,1,1
2,30.46217417,3.886570231,AJ Brodeur,1184,17,1,1
3,22.24465002,18.31712479,Jordan Dingle,1184,17,1,1
4,29.46003708,27.73707013,Ryan Betley,1184,17,1,1
5,33.46858544,16.11245674,Max Martz,1184,17,1,1
6,19.03781133,7.69463324,Christian Juzang,1184,17,1,1
7,28.45789999,4.955502237,Chris Lewis,1184,17,1,1
8,29.6604645,20.38817864,Noah Kirkwood,1184,17,1,1
9,19.43866616,19.18563243,Justin Bassey,1184,17,1,1
10,33.46858544,15.11033489,Robert Baker,1184,17,1,1
11,30.46217417,4.287418969,ball,1184,17,1,1
1,6.010029139,19.01861008,Devon Goodman,1183,16,1,1
2,36.47499672,7.69463324,AJ Brodeur,1183,16,1,1
3,23.84806937,6.091238289,Jordan Dingle,1183,16,1,1
4,29.05918224,29.47408235,Ryan Betley,1183,16,1,1
5,25.05063388,7.69463324,Max Martz,1183,16,1,1
6,17.03353715,8.79696727,Christian Juzang,1183,16,1,1
7,31.26388384,6.759321558,Chris Lewis,1183,16,1,1
8,24.64977904,23.76198478,Noah Kirkwood,1183,16,1,1
9,23.64764195,7.327186525,Justin Bassey,1183,16,1,1
10,25.45148871,7.728035263,Robert Baker,1183,16,1,1
11,24.85020646,7.728035263,ball,1183,16,1,1
1,5.609174302,20.12094411,Devon Goodman,1182,15,1,1
2,33.86944028,17.71585169,AJ Brodeur,1182,15,1,1
3,17.23396456,-0.322341517,Jordan Dingle,1182,15,1,1
4,28.45789999,32.41364078,Ryan Betley,1182,15,1,1
5,23.44721453,5.155926606,Max Martz,1182,15,1,1
6,17.43439198,9.96611146,Christian Juzang,1182,15,1,1
7,31.46431126,8.897179454,Chris Lewis,1182,15,1,1
8,19.839521,26.56792594,Noah Kirkwood,1182,15,1,1
9,19.839521,3.919972253,Justin Bassey,1182,15,1,1
10,24.2489242,5.723791574,Robert Baker,1182,15,1,1
11,23.24678711,5.122518467,ball,1182,15,1,1
1,6.010029139,22.72646091,Devon Goodman,1181,14,1,1
2,32.86730319,19.85370958,AJ Brodeur,1181,14,1,1
3,12.42370652,1.214243273,Jordan Dingle,1181,14,1,1
4,24.44935162,33.64958902,Ryan Betley,1181,14,1,1
5,24.85020646,6.592299211,Max Martz,1181,14,1,1
6,15.83097264,12.00375717,Christian Juzang,1181,14,1,1
7,30.06131933,9.799089114,Chris Lewis,1181,14,1,1
8,22.0442226,25.03134115,Noah Kirkwood,1181,14,1,1
9,19.23823875,3.786358046,Justin Bassey,1181,14,1,1
10,25.45148871,6.592299211,Robert Baker,1181,14,1,1
11,24.85020646,6.79272358,ball,1181,14,1,1
1,10.21900492,22.79327107,Devon Goodman,1175,28,1,2
2,27.25533548,9.69887693,AJ Brodeur,1175,28,1,2
3,34.0698677,18.85158774,Jordan Dingle,1175,28,1,2
4,10.0185775,7.661231218,Ryan Betley,1175,28,1,2
5,20.64123067,26.86856555,Max Martz,1175,28,1,2
6,7.613448485,39.59550992,Christian Juzang,1175,28,1,2
7,31.46431126,10.96823331,Chris Lewis,1175,28,1,2
8,2.001480773,2.349985441,Noah Kirkwood,1175,28,1,2
9,46.49636763,21.18987612,Justin Bassey,1175,28,1,2
10,24.44935162,42.23443486,Robert Baker,1175,28,1,2
11,7.413021067,41.03188864,ball,1175,28,1,2
1,19.53887682,26.70154627,Devon Goodman,1174,27,1,2
2,25.55169936,8.696755085,AJ Brodeur,1174,27,1,2
3,34.57093319,18.25031769,Jordan Dingle,1174,27,1,2
4,14.52819136,10.93482822,Ryan Betley,1174,27,1,2
5,28.55811064,23.32773402,Max Martz,1174,27,1,2
6,22.14443325,36.75616674,Christian Juzang,1174,27,1,2
7,30.76281224,10.3669602,Chris Lewis,1174,27,1,2
8,2.502546261,6.859533742,Noah Kirkwood,1174,27,1,2
9,41.78632025,19.98732991,Justin Bassey,1174,27,1,2
10,32.36623159,26.53452392,Robert Baker,1174,27,1,2
11,22.94614293,37.15701547,ball,1174,27,1,2
1,28.59151623,26.13367518,Devon Goodman,1173,26,1,2
2,28.45789999,10.09972567,AJ Brodeur,1173,26,1,2
3,39.88226283,15.77841816,Jordan Dingle,1173,26,1,2
4,16.83310973,11.13524953,Ryan Betley,1173,26,1,2
5,24.85020646,15.8452222,Max Martz,1173,26,1,2
6,32.66687577,27.67025997,Christian Juzang,1173,26,1,2
7,31.46431126,13.03928104,Chris Lewis,1173,26,1,2
8,2.602763028,8.830369292,Noah Kirkwood,1173,26,1,2
9,46.49636763,21.92476343,Justin Bassey,1173,26,1,2
10,24.64977904,13.70736431,Robert Baker,1173,26,1,2
11,46.0955128,21.72433907,ball,1173,26,1,2
1,35.33923727,16.07905471,Devon Goodman,1172,25,1,2
2,30.4955767,11.70312062,AJ Brodeur,1172,25,1,2
3,40.51694762,18.71797353,Jordan Dingle,1172,25,1,2
4,17.46779451,11.6697186,Ryan Betley,1172,25,1,2
5,23.07976222,7.861655587,Max Martz,1172,25,1,2
6,40.71737503,13.6405572,Christian Juzang,1172,25,1,2
7,34.30369765,17.91627606,Chris Lewis,1172,25,1,2
8,4.440012324,17.04776842,Noah Kirkwood,1172,25,1,2
9,44.92635082,21.85795633,Justin Bassey,1172,25,1,2
10,19.4720687,4.487843338,Robert Baker,1172,25,1,2
11,44.7259234,22.32561217,ball,1172,25,1,2
1,39.44799935,6.926340846,Devon Goodman,1171,24,1,2
2,30.69600412,16.11245674,AJ Brodeur,1171,24,1,2
3,37.51053634,18.11670042,Jordan Dingle,1171,24,1,2
4,18.73716714,19.11882227,Ryan Betley,1171,24,1,2
5,18.73716714,9.69887693,Max Martz,1171,24,1,2
6,47.59871538,5.222730652,Christian Juzang,1171,24,1,2
7,38.57948155,19.48626898,Chris Lewis,1171,24,1,2
8,10.61985976,26.1670772,Noah Kirkwood,1171,24,1,2
9,41.28525476,22.35901419,Justin Bassey,1171,24,1,2
10,4.607037211,5.322942836,Robert Baker,1171,24,1,2
11,41.48568218,22.35901419,ball,1171,24,1,2
1,32.66687577,5.322945894,Devon Goodman,1170,23,1,2
2,30.46217417,14.50906178,AJ Brodeur,1170,23,1,2
3,40.28311767,22.32561217,Jordan Dingle,1170,23,1,2
4,19.23823875,16.84734405,Ryan Betley,1170,23,1,2
5,13.42584362,9.632066768,Max Martz,1170,23,1,2
6,44.89294829,6.625704292,Christian Juzang,1170,23,1,2
7,31.26388384,15.51118363,Chris Lewis,1170,23,1,2
8,7.613448485,31.41151894,Noah Kirkwood,1170,23,1,2
9,42.48781927,21.39030049,Justin Bassey,1170,23,1,2
10,8.615585577,9.96611146,Robert Baker,1170,23,1,2
11,air,air,ball,1170,23,1,2
1,20.64123067,44.77314149,Devon Goodman,1160,26,1,3
2,31.46431126,28.73919198,AJ Brodeur,1160,26,1,3
3,5.809601721,19.11882227,Jordan Dingle,1160,26,1,3
4,19.23823875,25.06474318,Ryan Betley,1160,26,1,3
5,47.09764989,7.160170295,Max Martz,1160,26,1,3
6,21.24251293,38.82722059,Christian Juzang,1160,26,1,3
7,28.85875482,21.39030049,Chris Lewis,1160,26,1,3
8,20.03994842,26.40090971,Noah Kirkwood,1160,26,1,3
9,12.02285169,19.78690554,Justin Bassey,1160,26,1,3
10,36.87585156,10.56738457,Robert Baker,1160,26,1,3
11,25.25106129,42.83570796,ball,1160,26,1,3
1,26.42021716,40.86486783,Devon Goodman,1159,25,1,3
2,28.89215736,30.74343567,AJ Brodeur,1159,25,1,3
3,2.435738141,12.30439373,Jordan Dingle,1159,25,1,3
4,20.70803574,16.51330547,Ryan Betley,1159,25,1,3
5,47.96616462,9.899301299,Max Martz,1159,25,1,3
6,25.51829377,35.75404489,Christian Juzang,1159,25,1,3
7,28.92555989,28.53876761,Chris Lewis,1159,25,1,3
8,22.71230992,21.72433907,Noah Kirkwood,1159,25,1,3
9,9.884955148,15.711608,Justin Bassey,1159,25,1,3
10,39.54821306,11.50269625,Robert Baker,1159,25,1,3
11,28.72513247,31.54513314,ball,1159,25,1,3
1,39.28098058,22.32561217,Devon Goodman,1158,24,1,3
2,30.66260159,28.13791887,AJ Brodeur,1158,24,1,3
3,3.003617865,10.30015004,Jordan Dingle,1158,24,1,3
4,9.818150087,6.291662658,Ryan Betley,1158,24,1,3
5,46.69679505,11.30227188,Max Martz,1158,24,1,3
6,38.27884348,20.92264159,Christian Juzang,1158,24,1,3
7,29.86089192,24.32985586,Chris Lewis,1158,24,1,3
8,21.44294035,11.10184751,Noah Kirkwood,1158,24,1,3
9,13.42584362,15.11033489,Justin Bassey,1158,24,1,3
10,41.48568218,11.10184751,Robert Baker,1158,24,1,3
11,30.46217417,28.33834324,ball,1158,24,1,3
1,45.66124931,13.07268918,Devon Goodman,1157,23,1,3
2,30.89643154,27.13579703,AJ Brodeur,1157,23,1,3
3,4.440012324,13.50693994,Jordan Dingle,1157,23,1,3
4,3.037020395,4.688267707,Ryan Betley,1157,23,1,3
5,45.72806049,19.51967101,Max Martz,1157,23,1,3
6,37.91139118,15.711608,Christian Juzang,1157,23,1,3
7,32.29942347,22.52603654,Chris Lewis,1157,23,1,3
8,19.27164128,9.69887693,Noah Kirkwood,1157,23,1,3
9,15.66394775,15.711608,Justin Bassey,1157,23,1,3
10,38.31224601,9.498452561,Robert Baker,1157,23,1,3
11,31.09685896,27.53664576,ball,1157,23,1,3
1,47.46509608,18.45074282,Devon Goodman,1156,22,1,3
2,35.10540732,25.63261426,AJ Brodeur,1156,22,1,3
3,10.05198004,16.98096437,Jordan Dingle,1156,22,1,3
4,3.437875232,4.888692075,Ryan Betley,1156,22,1,3
5,43.72378631,15.91203237,Max Martz,1156,22,1,3
6,41.71951213,15.51118363,Christian Juzang,1156,22,1,3
7,32.29942347,22.32561217,Chris Lewis,1156,22,1,3
8,18.87078644,7.69463324,Noah Kirkwood,1156,22,1,3
9,16.46565742,15.711608,Justin Bassey,1156,22,1,3
10,40.91780245,11.50269625,Robert Baker,1156,22,1,3
11,34.47072254,25.73282644,ball,1156,22,1,3
1,43.48995636,22.02497562,Devon Goodman,1155,21,1,3
2,36.47499672,22.52603654,AJ Brodeur,1155,21,1,3
3,5.809601721,14.77629631,Jordan Dingle,1155,21,1,3
4,3.404472701,5.690389551,Ryan Betley,1155,21,1,3
5,37.27670639,9.298028192,Max Martz,1155,21,1,3
6,38.4792709,22.32561217,Christian Juzang,1155,21,1,3
7,35.07200479,19.72009538,Chris Lewis,1155,21,1,3
8,16.83310973,7.895057609,Noah Kirkwood,1155,21,1,3
9,15.63054522,15.711608,Justin Bassey,1155,21,1,3
10,34.87157737,10.70099877,Robert Baker,1155,21,1,3
11,36.87585156,22.92688528,ball,1155,21,1,3
1,34.27029512,26.53452392,Devon Goodman,1154,20,1,3
2,38.4792709,22.1251878,AJ Brodeur,1154,20,1,3
3,6.410883976,16.11245674,Jordan Dingle,1154,20,1,3
4,2.40233561,5.89081392,Ryan Betley,1154,20,1,3
5,29.46003708,4.888692075,Max Martz,1154,20,1,3
6,35.87371446,21.32349033,Christian Juzang,1154,20,1,3
7,37.47713381,18.31712479,Chris Lewis,1154,20,1,3
8,16.63268231,8.095481978,Noah Kirkwood,1154,20,1,3
9,16.43225489,15.91203237,Justin Bassey,1154,20,1,3
10,32.46644835,9.298028192,Robert Baker,1154,20,1,3
11,33.66901286,26.73494829,ball,1154,20,1,3
1,23.41380588,14.84310342,Devon Goodman,1153,19,1,3
2,35.10540732,22.1251878,AJ Brodeur,1153,19,1,3
3,9.851552617,20.52179285,Jordan Dingle,1153,19,1,3
4,3.63830265,6.291662658,Ryan Betley,1153,19,1,3
5,36.10754441,3.084872755,Max Martz,1153,19,1,3
6,24.88360899,14.70948615,Christian Juzang,1153,19,1,3
7,32.7002783,19.51967101,Chris Lewis,1153,19,1,3
8,17.66822193,7.69463324,Noah Kirkwood,1153,19,1,3
9,16.86651226,16.71372984,Justin Bassey,1153,19,1,3
10,29.29301219,8.696755085,Robert Baker,1153,19,1,3
11,22.87933481,14.70948615,ball,1153,19,1,3
1,18.83738391,3.485721493,Devon Goodman,1152,18,1,3
2,31.26388384,21.72433907,AJ Brodeur,1152,18,1,3
3,5.609174302,16.91415421,Jordan Dingle,1152,18,1,3
4,3.404472701,6.492087027,Ryan Betley,1152,18,1,3
5,42.8886741,6.291662658,Max Martz,1152,18,1,3
6,19.63909358,4.487843338,Christian Juzang,1152,18,1,3
7,31.46431126,16.11245674,Chris Lewis,1152,18,1,3
8,14.62840813,6.692511396,Noah Kirkwood,1152,18,1,3
9,14.02712587,16.3128811,Justin Bassey,1152,18,1,3
10,30.66260159,3.686145862,Robert Baker,1152,18,1,3
11,3.604900119,6.692511396,ball,1152,18,1,3
1,9.784741439,-1.157441015,Devon Goodman,1151,17,1,3
2,29.49343961,16.11245674,AJ Brodeur,1151,17,1,3
3,3.838730069,28.53876761,Jordan Dingle,1151,17,1,3
4,0.231036539,7.895057609,Ryan Betley,1151,17,1,3
5,34.10327023,14.70948615,Max Martz,1151,17,1,3
6,15.26309291,0.679780328,Christian Juzang,1151,17,1,3
7,29.49343961,15.711608,Chris Lewis,1151,17,1,3
8,4.239584905,2.884448386,Noah Kirkwood,1151,17,1,3
9,20.27377837,13.70736431,Justin Bassey,1151,17,1,3
10,31.09685896,10.30015004,Robert Baker,1151,17,1,3
11,air,air,ball,1151,17,1,3
1,16.63268231,27.73707013,Devon Goodman,1144,27,1,4
2,29.05918224,9.899301299,AJ Brodeur,1144,27,1,4
3,9.41729525,10.09972567,Jordan Dingle,1144,27,1,4
4,36.07414188,13.07268918,Ryan Betley,1144,27,1,4
5,26.25319839,21.08966394,Max Martz,1144,27,1,4
6,16.63268231,34.71852102,Christian Juzang,1144,27,1,4
7,31.06345643,6.859533742,Chris Lewis,1144,27,1,4
8,47.49850473,11.6697186,Noah Kirkwood,1144,27,1,4
9,3.404472701,10.26674801,Justin Bassey,1144,27,1,4
10,33.66901286,25.49900005,Robert Baker,1144,27,1,4
11,16.83310973,34.71852102,ball,1144,27,1,4
1,19.43866616,26.46771376,Devon Goodman,1143,26,1,4
2,27.4557629,9.030793661,AJ Brodeur,1143,26,1,4
3,10.0185775,14.84310036,Jordan Dingle,1143,26,1,4
4,37.27670639,16.81394203,Ryan Betley,1143,26,1,4
5,27.4557629,16.21266892,Max Martz,1143,26,1,4
6,20.44080326,33.24874028,Christian Juzang,1143,26,1,4
7,30.66260159,7.193572318,Chris Lewis,1143,26,1,4
8,44.49209345,16.41309329,Noah Kirkwood,1143,26,1,4
9,2.602763028,9.598664745,Justin Bassey,1143,26,1,4
10,32.06559352,18.81818572,Robert Baker,1143,26,1,4
11,20.44080326,33.85001339,ball,1143,26,1,4
1,18.60354784,24.99793913,Devon Goodman,1142,25,1,4
2,28.89215736,9.899301299,AJ Brodeur,1142,25,1,4
3,14.0605284,16.51330547,Jordan Dingle,1142,25,1,4
4,35.70668958,23.52815839,Ryan Betley,1142,25,1,4
5,31.09685896,15.711608,Max Martz,1142,25,1,4
6,16.26523,31.34470877,Christian Juzang,1142,25,1,4
7,30.4955767,10.30015004,Chris Lewis,1142,25,1,4
8,38.71310085,24.93112897,Noah Kirkwood,1142,25,1,4
9,5.642576833,17.11457858,Justin Bassey,1142,25,1,4
10,33.70241539,19.92051975,Robert Baker,1142,25,1,4
11,15.26309291,31.34470877,ball,1142,25,1,4
1,15.99799141,19.82030756,Devon Goodman,1141,24,1,4
2,29.09258477,9.298028192,AJ Brodeur,1141,24,1,4
3,12.05625422,21.12306596,Jordan Dingle,1141,24,1,4
4,28.2908751,21.5239147,Ryan Betley,1141,24,1,4
5,31.69814121,16.51330547,Max Martz,1141,24,1,4
6,13.25881873,23.72858275,Christian Juzang,1141,24,1,4
7,31.89856863,8.897179454,Chris Lewis,1141,24,1,4
8,37.51053634,24.53028023,Noah Kirkwood,1141,24,1,4
9,10.65326229,25.73282644,Justin Bassey,1141,24,1,4
10,39.51481052,19.92051975,Robert Baker,1141,24,1,4
11,12.05625422,26.33409955,ball,1141,24,1,4
1,10.38602369,10.76780894,Devon Goodman,1140,23,1,4
2,28.69172994,8.696755085,AJ Brodeur,1140,23,1,4
3,13.65967356,25.53240208,Jordan Dingle,1140,23,1,4
4,29.29301219,15.711608,Ryan Betley,1140,23,1,4
5,30.69600412,18.51754916,Max Martz,1140,23,1,4
6,3.237447814,9.69887693,Christian Juzang,1140,23,1,4
7,30.89643154,7.69463324,Chris Lewis,1140,23,1,4
8,38.51267343,18.31712479,Noah Kirkwood,1140,23,1,4
9,8.448560689,27.13579703,Justin Bassey,1140,23,1,4
10,39.71523794,24.53028023,Robert Baker,1140,23,1,4
11,8.448560689,27.13579703,ball,1140,23,1,4
1,11.22114201,5.857411897,Devon Goodman,1139,22,1,4
2,27.85661773,8.696755085,AJ Brodeur,1139,22,1,4
3,13.2254162,23.72858275,Jordan Dingle,1139,22,1,4
4,33.26815803,13.30651557,Ryan Betley,1139,22,1,4
5,32.46644835,24.7307046,Max Martz,1139,22,1,4
6,1.600625937,5.489965182,Christian Juzang,1139,22,1,4
7,29.86089192,9.69887693,Chris Lewis,1139,22,1,4
8,46.69679505,13.70736431,Noah Kirkwood,1139,22,1,4
9,9.617722668,24.93112897,Justin Bassey,1139,22,1,4
10,41.28525476,27.9374945,Robert Baker,1139,22,1,4
11,41.08482734,27.73707013,ball,1139,22,1,4
1,14.96475706,6.357704067,Devon Goodman,1138,21,1,4
2,30.46217417,11.10184751,AJ Brodeur,1138,21,1,4
3,16.43225489,18.11670042,Jordan Dingle,1138,21,1,4
4,40.08269025,19.72009538,Ryan Betley,1138,21,1,4
5,35.27243221,20.32136848,Max Martz,1138,21,1,4
6,2.40233561,10.50057441,Christian Juzang,1138,21,1,4
7,31.8651661,10.50057441,Chris Lewis,1138,21,1,4
8,43.28952894,22.32561217,Noah Kirkwood,1138,21,1,4
9,12.02285169,19.72009538,Justin Bassey,1138,21,1,4
10,34.67114995,26.93537266,Robert Baker,1138,21,1,4
11,42.48781927,22.52603654,ball,1138,21,1,4
1,18.23610165,12.93906886,Devon Goodman,1137,20,1,4
2,30.86302901,9.331430215,AJ Brodeur,1137,20,1,4
3,19.43866616,12.93906886,Jordan Dingle,1137,20,1,4
4,43.08910152,15.34416128,Ryan Betley,1137,20,1,4
5,29.6604645,17.54882934,Max Martz,1137,20,1,4
6,5.408746884,20.15434614,Christian Juzang,1137,20,1,4
7,31.8651661,9.932703321,Chris Lewis,1137,20,1,4
8,45.49423054,17.1479806,Noah Kirkwood,1137,20,1,4
9,14.62840813,16.74713186,Justin Bassey,1137,20,1,4
10,25.85234355,22.15858983,Robert Baker,1137,20,1,4
11,44.89294829,17.34840497,ball,1137,20,1,4
1,19.77501509,22.77765426,Devon Goodman,1136,19,1,4
2,30.86302901,8.529732739,AJ Brodeur,1136,19,1,4
3,18.83738391,9.331430215,Jordan Dingle,1136,19,1,4
4,33.46858544,15.14373691,Ryan Betley,1136,19,1,4
5,21.44294035,11.73652264,Max Martz,1136,19,1,4
6,20.03994842,31.17768643,Christian Juzang,1136,19,1,4
7,34.67114995,9.732278952,Chris Lewis,1136,19,1,4
8,32.46644835,17.74925371,Noah Kirkwood,1136,19,1,4
9,8.014303322,16.94755623,Justin Bassey,1136,19,1,4
10,16.03140005,14.34203944,Robert Baker,1136,19,1,4
11,34.47072254,10.33355206,ball,1136,19,1,4
1,27.02149941,23.52815839,Devon Goodman,1135,18,1,4
2,31.03004778,7.895057609,AJ Brodeur,1135,18,1,4
3,17.40098333,12.70524246,Jordan Dingle,1135,18,1,4
4,29.22620101,12.90566683,Ryan Betley,1135,18,1,4
5,18.60354784,9.69887693,Max Martz,1135,18,1,4
6,34.23688647,30.74343567,Christian Juzang,1135,18,1,4
7,35.23902356,7.69463324,Chris Lewis,1135,18,1,4
8,27.02149941,16.3128811,Noah Kirkwood,1135,18,1,4
9,8.582176929,20.92264159,Justin Bassey,1135,18,1,4
10,11.38816079,6.692511396,Robert Baker,1135,18,1,4
11,35.03859614,8.295906347,ball,1135,18,1,4
1,30.4644774,18.82855369,Devon Goodman,1134,17,1,4
2,30.46217417,9.097603823,AJ Brodeur,1134,17,1,4
3,19.839521,19.11882227,Jordan Dingle,1134,17,1,4
4,21.64336777,10.09972567,Ryan Betley,1134,17,1,4
5,14.62840813,5.489965182,Max Martz,1134,17,1,4
6,43.48995636,25.73282644,Christian Juzang,1134,17,1,4
7,34.0698677,10.50057441,Chris Lewis,1134,17,1,4
8,13.02498878,13.30651557,Noah Kirkwood,1134,17,1,4
9,13.82669845,26.33409955,Justin Bassey,1134,17,1,4
10,4.406609793,5.690389551,Robert Baker,1134,17,1,4
11,34.47072254,11.10184751,ball,1134,17,1,4
1,36.47499672,15.57799379,Devon Goodman,1133,16,1,4
2,26.05277097,9.498452561,AJ Brodeur,1133,16,1,4
3,23.04635969,21.12306596,Jordan Dingle,1133,16,1,4
4,19.23823875,12.70524246,Ryan Betley,1133,16,1,4
5,16.23182747,3.485721493,Max Martz,1133,16,1,4
6,48.09978698,18.51754916,Christian Juzang,1133,16,1,4
7,27.25533548,10.70099877,Chris Lewis,1133,16,1,4
8,7.613448485,21.72433907,Noah Kirkwood,1133,16,1,4
9,19.63909358,29.94173819,Justin Bassey,1133,16,1,4
10,14.02712587,2.884448386,Robert Baker,1133,16,1,4
11,27.4557629,11.10184751,ball,1133,16,1,4
1,39.28098058,6.892937294,Devon Goodman,1132,15,1,4
2,25.85234355,9.498452561,AJ Brodeur,1132,15,1,4
3,27.85661773,21.72433907,Jordan Dingle,1132,15,1,4
4,21.04208551,15.711608,Ryan Betley,1132,15,1,4
5,27.65619031,3.686145862,Max Martz,1132,15,1,4
6,48.09978698,4.688267707,Christian Juzang,1132,15,1,4
7,27.05490806,13.70736431,Chris Lewis,1132,15,1,4
8,15.22969038,27.53664576,Noah Kirkwood,1132,15,1,4
9,33.86944028,31.54513314,Justin Bassey,1132,15,1,4
10,31.06345643,0.679780328,Robert Baker,1132,15,1,4
11,15.4301178,26.93537266,ball,1132,15,1,4
1,38.84671709,4.254016946,Devon Goodman,1131,14,1,4
2,25.21765265,10.30015004,AJ Brodeur,1131,14,1,4
3,29.82748327,23.52815839,Jordan Dingle,1131,14,1,4
4,17.0001285,20.32136848,Ryan Betley,1131,14,1,4
5,30.62919294,5.690389551,Max Martz,1131,14,1,4
6,47.46509608,5.089116444,Christian Juzang,1131,14,1,4
7,28.82534618,14.50906178,Chris Lewis,1131,14,1,4
8,12.5907253,25.73282644,Noah Kirkwood,1131,14,1,4
9,34.63774131,29.74131382,Justin Bassey,1131,14,1,4
10,35.03859614,4.688267707,Robert Baker,1131,14,1,4
11,12.5907253,25.33197771,ball,1131,14,1,4
1,38.67969832,4.053592577,Devon Goodman,1130,13,1,4
2,22.44507744,8.696755085,AJ Brodeur,1130,13,1,4
3,25.85234355,21.12306596,Jordan Dingle,1130,13,1,4
4,5.609174302,28.73919198,Ryan Betley,1130,13,1,4
5,32.66687577,7.494208872,Max Martz,1130,13,1,4
6,45.29380312,6.492087027,Christian Juzang,1130,13,1,4
7,25.25106129,10.30015004,Chris Lewis,1130,13,1,4
8,16.23182747,20.12094411,Noah Kirkwood,1130,13,1,4
9,44.29166603,25.13155334,Justin Bassey,1130,13,1,4
10,34.47072254,8.095481978,Robert Baker,1130,13,1,4
11,16.43225489,19.72009538,ball,1130,13,1,4
1,38.27884348,5.45656316,Devon Goodman,1129,12,1,4
2,25.05063388,8.897179454,AJ Brodeur,1129,12,1,4
3,19.03781133,16.11245674,Jordan Dingle,1129,12,1,4
4,13.02498878,22.72646091,Ryan Betley,1129,12,1,4
5,30.86302901,6.692511396,Max Martz,1129,12,1,4
6,46.0955128,12.70524246,Christian Juzang,1129,12,1,4
7,27.05490806,11.70312062,Chris Lewis,1129,12,1,4
8,19.23823875,20.92264159,Noah Kirkwood,1129,12,1,4
9,35.27243221,36.75616674,Justin Bassey,1129,12,1,4
10,32.06559352,7.69463324,Robert Baker,1129,12,1,4
11,air,air,ball,1129,12,1,4
1,47.69893214,38.76041042,Devon Goodman,1123,26,1,5
2,29.46003708,32.14640625,AJ Brodeur,1123,26,1,5
3,26.05277097,42.7688978,Jordan Dingle,1123,26,1,5
4,7.01216623,25.73282644,Ryan Betley,1123,26,1,5
5,1.1997711,15.11033489,Max Martz,1123,26,1,5
6,44.69252087,27.53664576,Christian Juzang,1123,26,1,5
7,33.86944028,23.86219696,Chris Lewis,1123,26,1,5
8,15.22969038,16.84734405,Noah Kirkwood,1123,26,1,5
9,24.85020646,29.07323055,Justin Bassey,1123,26,1,5
10,11.42156943,12.23758356,Robert Baker,1123,26,1,5
11,47.09764989,38.29275152,ball,1123,26,1,5
1,45.89508538,23.12730965,Devon Goodman,1122,25,1,5
2,36.07414188,28.73919198,AJ Brodeur,1122,25,1,5
3,24.85020646,36.15489363,Jordan Dingle,1122,25,1,5
4,10.82028718,23.32773402,Ryan Betley,1122,25,1,5
5,2.803190446,9.097603823,Max Martz,1122,25,1,5
6,41.08482734,22.72646091,Christian Juzang,1122,25,1,5
7,41.28525476,16.3128811,Chris Lewis,1122,25,1,5
8,18.43652907,17.31500295,Noah Kirkwood,1122,25,1,5
9,26.4536258,26.33409955,Justin Bassey,1122,25,1,5
10,17.43439198,7.293784503,Robert Baker,1122,25,1,5
11,45.89508538,23.12730965,ball,1122,25,1,5
1,44.49209345,11.8033328,Devon Goodman,1121,24,1,5
2,36.2745693,27.23600921,AJ Brodeur,1121,24,1,5
3,14.22755329,32.04619407,Jordan Dingle,1121,24,1,5
4,9.617722668,10.40036222,Ryan Betley,1121,24,1,5
5,2.001480773,6.391874842,Max Martz,1121,24,1,5
6,41.68610959,10.80121096,Christian Juzang,1121,24,1,5
7,40.6839725,8.596542901,Chris Lewis,1121,24,1,5
8,20.44080326,14.80969834,Noah Kirkwood,1121,24,1,5
9,27.85661773,24.43006805,Justin Bassey,1121,24,1,5
10,19.23823875,7.393996687,Robert Baker,1121,24,1,5
11,44.09123861,12.60503028,ball,1121,24,1,5
1,48.50064182,10.63419167,Devon Goodman,1120,23,1,5
2,40.88439992,25.53240208,AJ Brodeur,1120,23,1,5
3,9.016440413,26.73494829,Jordan Dingle,1120,23,1,5
4,7.413021067,6.291662658,Ryan Betley,1120,23,1,5
5,1.400198518,10.70099877,Max Martz,1120,23,1,5
6,39.68183541,8.897179454,Christian Juzang,1120,23,1,5
7,37.27670639,18.11670042,Chris Lewis,1120,23,1,5
8,21.04208551,12.70524246,Noah Kirkwood,1120,23,1,5
9,23.44721453,23.52815839,Justin Bassey,1120,23,1,5
10,17.6348194,8.897179454,Robert Baker,1120,23,1,5
11,40.48354509,25.33197771,ball,1120,23,1,5
1,47.89935956,11.90354499,Devon Goodman,1119,22,1,5
2,37.87798865,20.92264159,AJ Brodeur,1119,22,1,5
3,8.415158158,25.33197771,Jordan Dingle,1119,22,1,5
4,2.803190446,5.89081392,Ryan Betley,1119,22,1,5
5,4.607037211,14.70948615,Max Martz,1119,22,1,5
6,40.48354509,10.90142314,Christian Juzang,1119,22,1,5
7,34.67114995,18.11670042,Chris Lewis,1119,22,1,5
8,17.43439198,7.293784503,Noah Kirkwood,1119,22,1,5
9,21.84379518,21.72433907,Justin Bassey,1119,22,1,5
10,14.02712587,15.31075926,Robert Baker,1119,22,1,5
11,36.8758485,23.16071167,ball,1119,22,1,5
1,47.69893214,14.80969987,Devon Goodman,1118,21,1,5
2,31.66473868,18.71797353,AJ Brodeur,1118,21,1,5
3,6.811738812,25.73282644,Jordan Dingle,1118,21,1,5
4,7.613448485,5.690389551,Ryan Betley,1118,21,1,5
5,5.007892048,16.11245674,Max Martz,1118,21,1,5
6,39.88226283,12.90566683,Christian Juzang,1118,21,1,5
7,31.46431126,13.50693994,Chris Lewis,1118,21,1,5
8,17.6348194,5.690389551,Noah Kirkwood,1118,21,1,5
9,21.24251293,21.72433907,Justin Bassey,1118,21,1,5
10,18.23610165,13.1060912,Robert Baker,1118,21,1,5
11,31.66473868,18.71797353,ball,1118,21,1,5
1,46.69679505,18.75137861,Devon Goodman,1117,20,1,5
2,26.25319839,12.30439373,AJ Brodeur,1117,20,1,5
3,8.816012995,22.32561217,Jordan Dingle,1117,20,1,5
4,17.03353715,9.69887693,Ryan Betley,1117,20,1,5
5,4.005754956,16.11245674,Max Martz,1117,20,1,5
6,35.47285963,11.90354499,Christian Juzang,1117,20,1,5
7,25.45148871,10.09972567,Chris Lewis,1117,20,1,5
8,17.83524682,8.095481978,Noah Kirkwood,1117,20,1,5
9,19.03781133,18.71797353,Justin Bassey,1117,20,1,5
10,16.03140005,16.51330547,Robert Baker,1117,20,1,5
11,27.05490806,11.90354499,ball,1117,20,1,5
1,45.09337265,22.25880201,Devon Goodman,1116,19,1,5
2,30.26174675,4.621457545,AJ Brodeur,1116,19,1,5
3,16.63268231,26.26728939,Jordan Dingle,1116,19,1,5
4,19.03781133,5.42315502,Ryan Betley,1116,19,1,5
5,3.604900119,14.44225162,Max Martz,1116,19,1,5
6,31.06345643,14.64267599,Christian Juzang,1116,19,1,5
7,29.05918224,6.224852496,Chris Lewis,1116,19,1,5
8,21.44294035,5.824003758,Noah Kirkwood,1116,19,1,5
9,22.44507744,15.8452222,Justin Bassey,1116,19,1,5
10,11.42156943,14.04140288,Robert Baker,1116,19,1,5
11,air,air,ball,1116,19,1,5
1,13.25881873,19.72009538,Devon Goodman,1111,27,1,6
2,24.48275415,34.2842672,AJ Brodeur,1111,27,1,6
3,33.10113314,21.12306596,Jordan Dingle,1111,27,1,6
4,35.30583474,24.7307046,Ryan Betley,1111,27,1,6
5,34.50412507,16.3128811,Max Martz,1111,27,1,6
6,47.09764989,20.32136848,Christian Juzang,1111,27,1,6
7,24.44935162,45.97568771,Chris Lewis,1111,27,1,6
8,39.48140799,31.74555751,Noah Kirkwood,1111,27,1,6
9,4.607037211,26.53452392,Justin Bassey,1111,27,1,6
10,36.87585156,12.70524246,Robert Baker,1111,27,1,6
11,39.48140799,31.34470877,ball,1111,27,1,6
1,19.00440268,10.4337673,Devon Goodman,1110,26,1,6
2,24.68318157,19.11882227,AJ Brodeur,1110,26,1,6
3,40.51694762,14.30863742,Jordan Dingle,1110,26,1,6
4,25.48489124,14.70948615,Ryan Betley,1110,26,1,6
5,28.09044768,6.692511396,Max Martz,1110,26,1,6
6,47.53190726,9.69887693,Christian Juzang,1110,26,1,6
7,24.68318157,28.73919198,Chris Lewis,1110,26,1,6
8,21.47634288,16.51330547,Noah Kirkwood,1110,26,1,6
9,8.448560689,25.73282644,Justin Bassey,1110,26,1,6
10,30.29514928,3.686145862,Robert Baker,1110,26,1,6
11,22.27805255,16.74713492,ball,1110,26,1,6
1,14.59499948,18.04989332,Devon Goodman,1109,25,1,6
2,22.87933481,15.51118363,AJ Brodeur,1109,25,1,6
3,37.31010892,9.298028192,Jordan Dingle,1109,25,1,6
4,19.27164128,4.888692075,Ryan Betley,1109,25,1,6
5,29.69386703,5.489965182,Max Martz,1109,25,1,6
6,47.33147984,4.888692075,Christian Juzang,1109,25,1,6
7,21.07548804,22.32561217,Chris Lewis,1109,25,1,6
8,17.86864935,6.091238289,Noah Kirkwood,1109,25,1,6
9,12.85796389,27.9374945,Justin Bassey,1109,25,1,6
10,34.30369765,3.084872755,Robert Baker,1109,25,1,6
11,20.07335095,22.92688528,ball,1109,25,1,6
1,24.61637039,24.89772695,Devon Goodman,1108,24,1,6
2,24.48275415,13.50693994,AJ Brodeur,1108,24,1,6
3,33.90284281,8.897179454,Jordan Dingle,1108,24,1,6
4,14.86223807,4.287418969,Ryan Betley,1108,24,1,6
5,31.29728637,5.489965182,Max Martz,1108,24,1,6
6,48.13318951,11.10184751,Christian Juzang,1108,24,1,6
7,19.87292353,21.72433907,Chris Lewis,1108,24,1,6
8,5.843004252,5.690389551,Noah Kirkwood,1108,24,1,6
9,28.09044768,26.53452392,Justin Bassey,1108,24,1,6
10,36.70882667,3.886570231,Robert Baker,1108,24,1,6
11,28.49130252,26.33409955,ball,1108,24,1,6
1,30.10816199,12.74159319,Devon Goodman,1107,23,1,6
2,24.2489242,12.70524246,AJ Brodeur,1107,23,1,6
3,33.86944028,16.3128811,Jordan Dingle,1107,23,1,6
4,15.4301178,12.70524246,Ryan Betley,1107,23,1,6
5,38.88012574,6.892935765,Max Martz,1107,23,1,6
6,44.29166603,20.52179285,Christian Juzang,1107,23,1,6
7,18.43652907,18.71797353,Chris Lewis,1107,23,1,6
8,5.408746884,17.71585169,Noah Kirkwood,1107,23,1,6
9,32.66687577,13.70736431,Justin Bassey,1107,23,1,6
10,46.89722247,5.089116444,Robert Baker,1107,23,1,6
11,43.8908112,19.92051975,ball,1107,23,1,6
1,30.99895052,4.219844132,Devon Goodman,1106,22,1,6
2,21.04208551,12.70524246,AJ Brodeur,1106,22,1,6
3,37.47713381,20.32136848,Jordan Dingle,1106,22,1,6
4,16.63268231,22.72646091,Ryan Betley,1106,22,1,6
5,39.88226283,7.494208872,Max Martz,1106,22,1,6
6,44.09123861,21.92476343,Christian Juzang,1106,22,1,6
7,19.839521,15.11033489,Chris Lewis,1106,22,1,6
8,14.42798071,29.14004072,Noah Kirkwood,1106,22,1,6
9,30.86302901,3.084872755,Justin Bassey,1106,22,1,6
10,48.50064182,11.10184751,Robert Baker,1106,22,1,6
11,14.42798071,28.73919198,ball,1106,22,1,6
1,25.61850748,2.750834179,Devon Goodman,1105,21,1,6
2,19.4720687,13.70736431,AJ Brodeur,1105,21,1,6
3,34.70455249,18.51754916,Jordan Dingle,1105,21,1,6
4,17.66822193,22.72646091,Ryan Betley,1105,21,1,6
5,39.51481052,10.90142314,Max Martz,1105,21,1,6
6,40.99146645,16.3812271,Christian Juzang,1105,21,1,6
7,18.59280737,15.19096521,Chris Lewis,1105,21,1,6
8,16.23182747,29.27365798,Noah Kirkwood,1105,21,1,6
9,18.83738391,1.080629066,Justin Bassey,1105,21,1,6
10,47.69893214,11.50269625,Robert Baker,1105,21,1,6
11,15.4301178,28.93961635,ball,1105,21,1,6
1,7.37961242,4.487843338,Devon Goodman,1104,20,1,6
2,18.4699316,9.69887693,AJ Brodeur,1104,20,1,6
3,32.90070572,10.70099877,Jordan Dingle,1104,20,1,6
4,15.26309291,19.11882227,Ryan Betley,1104,20,1,6
5,30.69600412,14.30863742,Max Martz,1104,20,1,6
6,45.72806049,4.487843338,Christian Juzang,1104,20,1,6
7,17.26736709,10.30015004,Chris Lewis,1104,20,1,6
8,14.46138324,25.73282644,Noah Kirkwood,1104,20,1,6
9,3.437875232,6.892935765,Justin Bassey,1104,20,1,6
10,47.33147984,12.10396936,Robert Baker,1104,20,1,6
11,3.63830265,7.494208872,ball,1104,20,1,6
1,5.007892048,5.656987529,Devon Goodman,1103,19,1,6
2,17.23396456,8.897179454,AJ Brodeur,1103,19,1,6
3,33.26815803,9.69887693,Jordan Dingle,1103,19,1,6
4,16.43225489,17.71585169,Ryan Betley,1103,19,1,6
5,29.6604645,14.90991052,Max Martz,1103,19,1,6
6,47.49850473,4.287418969,Christian Juzang,1103,19,1,6
7,15.4301178,9.632070591,Chris Lewis,1103,19,1,6
8,18.43652907,25.33197771,Noah Kirkwood,1103,19,1,6
9,2.602763028,6.091238289,Justin Bassey,1103,19,1,6
10,42.68824669,17.71585169,Robert Baker,1103,19,1,6
11,3.003617865,6.291662658,ball,1103,19,1,6
1,45.49423054,25.13155487,Devon Goodman,1092,24,1,7
2,30.06131933,36.75616674,AJ Brodeur,1092,24,1,7
3,16.23182747,45.97568771,Jordan Dingle,1092,24,1,7
4,4.206182374,27.3362214,Ryan Betley,1092,24,1,7
5,46.49636763,7.093360134,Max Martz,1092,24,1,7
6,39.48140799,19.72009538,Christian Juzang,1092,24,1,7
7,24.64977904,26.33409955,Chris Lewis,1092,24,1,7
8,19.43866616,18.71797353,Noah Kirkwood,1092,24,1,7
9,19.43866616,38.35956169,Justin Bassey,1092,24,1,7
10,40.08269025,9.097603823,Robert Baker,1092,24,1,7
11,16.43225489,45.77526334,ball,1092,24,1,7
1,43.65697513,22.75986599,Devon Goodman,1091,23,1,7
2,28.69172994,36.55574237,AJ Brodeur,1091,23,1,7
3,16.06480258,37.75828858,Jordan Dingle,1091,23,1,7
4,5.442149415,21.72433907,Ryan Betley,1091,23,1,7
5,47.33147984,7.093360134,Max Martz,1091,23,1,7
6,35.50626216,19.92051975,Christian Juzang,1091,23,1,7
7,27.35554919,27.13579703,Chris Lewis,1091,23,1,7
8,7.914089613,18.04989332,Noah Kirkwood,1091,23,1,7
9,17.73503311,33.95022557,Justin Bassey,1091,23,1,7
10,37.57734752,10.09972567,Robert Baker,1091,23,1,7
11,28.35768628,36.75616674,ball,1091,23,1,7
1,36.47499672,15.24395216,Devon Goodman,1090,22,1,7
2,29.46003708,34.95234741,AJ Brodeur,1090,22,1,7
3,12.22327911,29.94173819,Jordan Dingle,1090,22,1,7
4,3.604900119,12.70524246,Ryan Betley,1090,22,1,7
5,47.29807731,13.1060912,Max Martz,1090,22,1,7
6,31.46431126,20.12094411,Christian Juzang,1090,22,1,7
7,28.25747257,26.13367518,Chris Lewis,1090,22,1,7
8,7.613448485,12.50481809,Noah Kirkwood,1090,22,1,7
9,14.42798071,25.73282644,Justin Bassey,1090,22,1,7
10,39.88226283,10.50057441,Robert Baker,1090,22,1,7
11,29.86089192,34.15064994,ball,1090,22,1,7
1,33.66901286,12.77205263,Devon Goodman,1089,21,1,7
2,29.86089192,32.14640625,AJ Brodeur,1089,21,1,7
3,9.216867832,27.13579703,Jordan Dingle,1089,21,1,7
4,3.604900119,13.50693994,Ryan Betley,1089,21,1,7
5,46.49636763,17.11457858,Max Martz,1089,21,1,7
6,30.66260159,16.3128811,Christian Juzang,1089,21,1,7
7,29.46003708,25.13155334,Chris Lewis,1089,21,1,7
8,8.21473074,13.70736431,Noah Kirkwood,1089,21,1,7
9,12.42370652,23.12730965,Justin Bassey,1089,21,1,7
10,37.67756123,13.70736431,Robert Baker,1089,21,1,7
11,30.46217417,31.54513314,ball,1089,21,1,7
1,31.66473868,16.27947908,Devon Goodman,1088,20,1,7
2,34.0698677,17.91627606,AJ Brodeur,1088,20,1,7
3,13.62627103,25.73282644,Jordan Dingle,1088,20,1,7
4,3.404472701,12.90566683,Ryan Betley,1088,20,1,7
5,41.48568218,23.32773402,Max Martz,1088,20,1,7
6,29.86089192,9.69887693,Christian Juzang,1088,20,1,7
7,32.06559352,20.12094411,Chris Lewis,1088,20,1,7
8,15.63054522,10.90142314,Noah Kirkwood,1088,20,1,7
9,18.83738391,21.72433907,Justin Bassey,1088,20,1,7
10,38.67969832,20.32136848,Robert Baker,1088,20,1,7
11,41.48568218,22.92688528,ball,1088,20,1,7
1,32.06559046,11.33567696,Devon Goodman,1087,19,1,7
2,36.67542108,8.496330716,AJ Brodeur,1087,19,1,7
3,9.016437355,22.72646091,Jordan Dingle,1087,19,1,7
4,3.003614806,10.90142314,Ryan Betley,1087,19,1,7
5,42.88867105,23.92900712,Max Martz,1087,19,1,7
6,31.66473562,15.91203237,Christian Juzang,1087,19,1,7
7,31.66473562,12.90566683,Chris Lewis,1087,19,1,7
8,17.43438892,9.69887693,Noah Kirkwood,1087,19,1,7
9,20.64122762,20.92264159,Justin Bassey,1087,19,1,7
10,40.08268719,20.72221722,Robert Baker,1087,19,1,7
11,36.47499366,9.097603823,ball,1087,19,1,7
1,34.67114995,7.126765215,Devon Goodman,1086,18,1,7
2,28.85875482,5.289540813,AJ Brodeur,1086,18,1,7
3,9.617722668,23.72858275,Jordan Dingle,1086,18,1,7
4,3.404472701,11.50269625,Ryan Betley,1086,18,1,7
5,39.48140799,23.92900712,Max Martz,1086,18,1,7
6,30.46217417,10.70099877,Christian Juzang,1086,18,1,7
7,28.05704515,6.492087027,Chris Lewis,1086,18,1,7
8,18.23610165,9.498452561,Noah Kirkwood,1086,18,1,7
9,20.84165809,20.32136848,Justin Bassey,1086,18,1,7
10,35.07200479,17.71585169,Robert Baker,1086,18,1,7
11,28.65832741,5.289540813,ball,1086,18,1,7
1,20.20696719,27.60345593,Devon Goodman,1082,27,1,8
2,24.28232673,14.90991052,AJ Brodeur,1082,27,1,8
3,34.9049799,14.30863742,Jordan Dingle,1082,27,1,8
4,9.250270363,8.696755085,Ryan Betley,1082,27,1,8
5,22.27805255,14.10821305,Max Martz,1082,27,1,8
6,20.87506062,37.75828858,Christian Juzang,1082,27,1,8
7,30.89643154,25.53240208,Chris Lewis,1082,27,1,8
8,5.442149415,14.70948615,Noah Kirkwood,1082,27,1,8
9,45.72806049,18.9183979,Justin Bassey,1082,27,1,8
10,25.48489124,18.71797353,Robert Baker,1082,27,1,8
11,21.47634288,36.355318,ball,1082,27,1,8
1,23.01295105,25.5324036,Devon Goodman,1081,26,1,8
2,27.08831059,10.70099877,AJ Brodeur,1081,26,1,8
3,34.30369765,15.91203237,Jordan Dingle,1081,26,1,8
4,8.648988108,16.51330547,Ryan Betley,1081,26,1,8
5,23.8814719,16.71372984,Max Martz,1081,26,1,8
6,23.48061706,31.34470877,Christian Juzang,1081,26,1,8
7,28.49130252,12.10396936,Chris Lewis,1081,26,1,8
8,4.84086716,20.72221722,Noah Kirkwood,1081,26,1,8
9,47.33147984,13.50693994,Justin Bassey,1081,26,1,8
10,31.69814121,21.72433907,Robert Baker,1081,26,1,8
11,5.442149415,21.32349033,ball,1081,26,1,8
1,25.21765265,21.95816852,Devon Goodman,1080,25,1,8
2,21.6767703,9.899301299,AJ Brodeur,1080,25,1,8
3,32.7002783,15.711608,Jordan Dingle,1080,25,1,8
4,9.450697781,17.11457858,Ryan Betley,1080,25,1,8
5,27.48916543,14.70948615,Max Martz,1080,25,1,8
6,29.29301219,26.73494829,Christian Juzang,1080,25,1,8
7,19.87292353,10.70099877,Chris Lewis,1080,25,1,8
8,5.642576833,19.92051975,Noah Kirkwood,1080,25,1,8
9,47.33147984,14.30863742,Justin Bassey,1080,25,1,8
10,35.30583474,17.31500295,Robert Baker,1080,25,1,8
11,5.442149415,19.72009538,ball,1080,25,1,8
1,31.03004778,14.77629631,Devon Goodman,1079,24,1,8
2,18.4699316,11.90354499,AJ Brodeur,1079,24,1,8
3,30.29514928,20.72221722,Jordan Dingle,1079,24,1,8
4,14.0605284,22.32561217,Ryan Betley,1079,24,1,8
5,30.89643154,9.69887693,Max Martz,1079,24,1,8
6,43.32293147,14.90991052,Christian Juzang,1079,24,1,8
7,16.86651226,12.70524246,Chris Lewis,1079,24,1,8
8,10.85368971,24.93112897,Noah Kirkwood,1079,24,1,8
9,46.52977016,22.1251878,Justin Bassey,1079,24,1,8
10,41.31865729,11.30227188,Robert Baker,1079,24,1,8
11,10.45283487,24.32985586,ball,1079,24,1,8
1,34.63774131,11.40248559,Devon Goodman,1078,23,1,8
2,18.06907677,11.10184751,AJ Brodeur,1078,23,1,8
3,23.68104448,23.72858275,Jordan Dingle,1078,23,1,8
4,9.851552617,17.51542732,Ryan Betley,1078,23,1,8
5,30.69600412,9.097603823,Max Martz,1078,23,1,8
6,44.52549598,15.11033489,Christian Juzang,1078,23,1,8
7,16.46565742,12.90566683,Chris Lewis,1078,23,1,8
8,8.648988108,21.5239147,Noah Kirkwood,1078,23,1,8
9,36.90925409,28.73919198,Justin Bassey,1078,23,1,8
10,42.12036696,10.30015004,Robert Baker,1078,23,1,8
11,9.450697781,21.92476343,ball,1078,23,1,8
1,35.60647587,14.70948615,Devon Goodman,1077,22,1,8
2,18.57014531,8.496330716,AJ Brodeur,1077,22,1,8
3,19.97313724,23.72858275,Jordan Dingle,1077,22,1,8
4,11.15433084,14.90991052,Ryan Betley,1077,22,1,8
5,30.99664525,4.888692075,Max Martz,1077,22,1,8
6,46.22912904,20.52179285,Christian Juzang,1077,22,1,8
7,16.76629855,9.097603823,Chris Lewis,1077,22,1,8
8,10.753476,17.71585169,Noah Kirkwood,1077,22,1,8
9,11.15433084,33.7498012,Justin Bassey,1077,22,1,8
10,44.22485485,5.289540813,Robert Baker,1077,22,1,8
11,15.76416146,9.498452561,ball,1077,22,1,8
1,31.03004778,17.6156395,Devon Goodman,1076,21,1,8
2,18.4699316,7.895057609,AJ Brodeur,1076,21,1,8
3,18.4699316,21.12306596,Jordan Dingle,1076,21,1,8
4,21.07548804,11.30227188,Ryan Betley,1076,21,1,8
5,32.49985088,4.688267707,Max Martz,1076,21,1,8
6,41.51908471,25.33197771,Christian Juzang,1076,21,1,8
7,16.66608484,8.295906347,Chris Lewis,1076,21,1,8
8,21.87719771,15.91203237,Noah Kirkwood,1076,21,1,8
9,9.651125199,30.34258693,Justin Bassey,1076,21,1,8
10,45.52763307,3.084872755,Robert Baker,1076,21,1,8
11,16.26523,9.298028192,ball,1076,21,1,8
1,28.49130252,20.65541012,Devon Goodman,1075,20,1,8
2,18.4699316,7.69463324,AJ Brodeur,1075,20,1,8
3,15.66394775,15.91203237,Jordan Dingle,1075,20,1,8
4,29.69386703,12.10396936,Ryan Betley,1075,20,1,8
5,32.7002783,5.289540813,Max Martz,1075,20,1,8
6,36.50839925,30.74343567,Christian Juzang,1075,20,1,8
7,17.86864935,9.498452561,Chris Lewis,1075,20,1,8
8,40.11609278,16.3128811,Noah Kirkwood,1075,20,1,8
9,5.442149415,20.32136848,Justin Bassey,1075,20,1,8
10,46.12891533,5.289540813,Robert Baker,1075,20,1,8
11,17.46779451,10.30015004,ball,1075,20,1,8
1,21.44294035,21.25668322,Devon Goodman,1074,19,1,8
2,20.64123067,7.494208872,AJ Brodeur,1074,19,1,8
3,13.82669845,14.50906178,Jordan Dingle,1074,19,1,8
4,30.46217417,14.30863742,Ryan Betley,1074,19,1,8
5,31.46431126,3.886570231,Max Martz,1074,19,1,8
6,18.83738391,32.34683062,Christian Juzang,1074,19,1,8
7,19.03781133,9.69887693,Chris Lewis,1074,19,1,8
8,43.28952894,19.31924664,Noah Kirkwood,1074,19,1,8
9,5.408746884,17.31500295,Justin Bassey,1074,19,1,8
10,42.08696443,4.888692075,Robert Baker,1074,19,1,8
11,18.43652907,11.50269625,ball,1074,19,1,8
1,19.63909358,18.41733698,Devon Goodman,1073,18,1,8
2,23.44721453,8.496330716,AJ Brodeur,1073,18,1,8
3,12.42370652,13.1060912,Jordan Dingle,1073,18,1,8
4,30.46217417,15.51118363,Ryan Betley,1073,18,1,8
5,31.46431126,4.287418969,Max Martz,1073,18,1,8
6,15.4301178,31.34470877,Christian Juzang,1073,18,1,8
7,23.84806937,10.70099877,Chris Lewis,1073,18,1,8
8,40.6839725,21.5239147,Noah Kirkwood,1073,18,1,8
9,3.003617865,9.69887693,Justin Bassey,1073,18,1,8
10,33.46858544,4.287418969,Robert Baker,1073,18,1,8
11,24.44935162,10.70099877,ball,1073,18,1,8
1,48.63425806,14.67608413,Devon Goodman,1066,26,1,9
2,24.9838227,46.54355879,AJ Brodeur,1066,26,1,9
3,30.99664525,35.92106724,Jordan Dingle,1066,26,1,9
4,1.734242177,7.861655587,Ryan Betley,1066,26,1,9
5,7.14578247,20.6888152,Max Martz,1066,26,1,9
6,42.42100809,13.27311355,Christian Juzang,1066,26,1,9
7,24.78339528,27.70366811,Chris Lewis,1066,26,1,9
8,15.1628792,7.861655587,Noah Kirkwood,1066,26,1,9
9,31.5979275,31.71215549,Justin Bassey,1066,26,1,9
10,16.76629855,20.6888152,Robert Baker,1066,26,1,9
11,31.79835492,36.52234034,ball,1066,26,1,9
1,47.86595091,8.028674875,Devon Goodman,1065,25,1,9
2,24.88360899,38.96083479,AJ Brodeur,1065,25,1,9
3,39.51481052,30.74343567,Jordan Dingle,1065,25,1,9
4,2.034883304,5.690389551,Ryan Betley,1065,25,1,9
5,4.640439742,18.71797353,Max Martz,1065,25,1,9
6,45.12677824,5.89081392,Christian Juzang,1065,25,1,9
7,25.48489124,27.9374945,Chris Lewis,1065,25,1,9
8,14.66181066,5.690389551,Noah Kirkwood,1065,25,1,9
9,38.51267343,27.9374945,Justin Bassey,1065,25,1,9
10,19.4720687,17.91627606,Robert Baker,1065,25,1,9
11,39.71523794,31.14428441,ball,1065,25,1,9
1,47.6655235,4.98890426,Devon Goodman,1064,24,1,9
2,29.89429445,31.74555751,AJ Brodeur,1064,24,1,9
3,42.5212218,33.7498012,Jordan Dingle,1064,24,1,9
4,3.437875232,6.892935765,Ryan Betley,1064,24,1,9
5,6.444286506,16.11245674,Max Martz,1064,24,1,9
6,45.52763307,6.692511396,Christian Juzang,1064,24,1,9
7,29.69386703,28.93961635,Chris Lewis,1064,24,1,9
8,18.4699316,5.89081392,Noah Kirkwood,1064,24,1,9
9,40.91780245,29.74131382,Justin Bassey,1064,24,1,9
10,18.4699316,15.91203237,Robert Baker,1064,24,1,9
11,40.71737503,33.54937683,ball,1064,24,1,9
1,48.66766059,6.959745927,Devon Goodman,1063,23,1,9
2,31.49771379,31.34470877,AJ Brodeur,1063,23,1,9
3,37.71096376,28.13791887,Jordan Dingle,1063,23,1,9
4,1.433601049,12.70524246,Ryan Betley,1063,23,1,9
5,5.642576833,14.70948615,Max Martz,1063,23,1,9
6,41.51908471,7.093360134,Christian Juzang,1063,23,1,9
7,31.49771379,27.13579703,Chris Lewis,1063,23,1,9
8,19.4720687,7.494208872,Noah Kirkwood,1063,23,1,9
9,36.10754441,27.9374945,Justin Bassey,1063,23,1,9
10,18.87078644,17.51542732,Robert Baker,1063,23,1,9
11,38.1118186,28.33834324,ball,1063,23,1,9
1,48.06637833,8.79696727,Devon Goodman,1062,22,1,9
2,32.90070572,29.14004072,AJ Brodeur,1062,22,1,9
3,31.89856863,15.31075926,Jordan Dingle,1062,22,1,9
4,4.440012324,15.51118363,Ryan Betley,1062,22,1,9
5,5.208319466,8.295906347,Max Martz,1062,22,1,9
6,30.46217417,11.50269625,Christian Juzang,1062,22,1,9
7,31.06345643,24.93112897,Chris Lewis,1062,22,1,9
8,23.64764195,8.696755085,Noah Kirkwood,1062,22,1,9
9,31.06345643,17.71585169,Justin Bassey,1062,22,1,9
10,19.03781133,14.90991052,Robert Baker,1062,22,1,9
11,33.06773061,14.70948615,ball,1062,22,1,9
1,47.33147831,5.957624082,Devon Goodman,1061,21,1,9
2,32.66687577,32.14640625,AJ Brodeur,1061,21,1,9
3,27.4557629,5.289540813,Jordan Dingle,1061,21,1,9
4,3.404472701,17.71585169,Ryan Betley,1061,21,1,9
5,2.40233561,5.089116444,Max Martz,1061,21,1,9
6,32.46644835,8.295906347,Christian Juzang,1061,21,1,9
7,31.46431126,20.32136848,Chris Lewis,1061,21,1,9
8,18.63695649,8.095481978,Noah Kirkwood,1061,21,1,9
9,24.85020646,7.895057609,Justin Bassey,1061,21,1,9
10,18.63695649,12.70524246,Robert Baker,1061,21,1,9
11,26.85448064,5.690389551,ball,1061,21,1,9
1,18.34975345,27.91445841,Devon Goodman,1054,27,1,10
2,25.05063388,9.899301299,AJ Brodeur,1054,27,1,10
3,9.617722668,16.11245674,Jordan Dingle,1054,27,1,10
4,32.46644835,11.50269625,Ryan Betley,1054,27,1,10
5,21.44294035,25.73282644,Max Martz,1054,27,1,10
6,19.43866616,33.7498012,Christian Juzang,1054,27,1,10
7,23.84806937,8.095481978,Chris Lewis,1054,27,1,10
8,47.09764989,18.51754916,Noah Kirkwood,1054,27,1,10
9,4.607037211,16.71372984,Justin Bassey,1054,27,1,10
10,24.44935162,32.34683062,Robert Baker,1054,27,1,10
11,19.43866616,33.7498012,ball,1054,27,1,10
1,22.61209621,30.14216256,Devon Goodman,1053,26,1,10
2,25.08403641,8.696755085,AJ Brodeur,1053,26,1,10
3,12.22327911,13.1060912,Jordan Dingle,1053,26,1,10
4,33.66901286,13.50693994,Ryan Betley,1053,26,1,10
5,24.44935162,20.92264159,Max Martz,1053,26,1,10
6,24.04849679,30.5430113,Christian Juzang,1053,26,1,10
7,27.4557629,7.093360134,Chris Lewis,1053,26,1,10
8,46.29594022,21.12306596,Noah Kirkwood,1053,26,1,10
9,5.208319466,17.71585169,Justin Bassey,1053,26,1,10
10,24.04849679,27.53664576,Robert Baker,1053,26,1,10
11,24.64977904,30.5430113,ball,1053,26,1,10
1,32.63346712,19.31924664,Devon Goodman,1052,25,1,10
2,28.69172994,7.895057609,AJ Brodeur,1052,25,1,10
3,15.46352033,11.30227188,Jordan Dingle,1052,25,1,10
4,38.71310085,15.11033489,Ryan Betley,1052,25,1,10
5,29.29301219,18.51754916,Max Martz,1052,25,1,10
6,43.72378631,23.32773402,Christian Juzang,1052,25,1,10
7,31.49771379,8.696755085,Chris Lewis,1052,25,1,10
8,46.73019758,8.897179454,Noah Kirkwood,1052,25,1,10
9,9.851552617,25.33197771,Justin Bassey,1052,25,1,10
10,23.48061706,29.94173819,Robert Baker,1052,25,1,10
11,23.48061706,29.74131382,ball,1052,25,1,10
1,34.63774131,17.78266185,Devon Goodman,1051,24,1,10
2,29.49343961,8.496330716,AJ Brodeur,1051,24,1,10
3,15.06266549,19.11882227,Jordan Dingle,1051,24,1,10
4,37.31010892,10.70099877,Ryan Betley,1051,24,1,10
5,26.28660092,25.13155334,Max Martz,1051,24,1,10
6,39.71523794,24.12943149,Christian Juzang,1051,24,1,10
7,30.89643154,7.69463324,Chris Lewis,1051,24,1,10
8,47.13105242,7.293784503,Noah Kirkwood,1051,24,1,10
9,5.442149415,23.32773402,Justin Bassey,1051,24,1,10
10,28.2908751,27.53664576,Robert Baker,1051,24,1,10
11,28.89215736,27.3362214,ball,1051,24,1,10
1,23.16001149,38.60375809,Devon Goodman,1044,27,1,11
2,27.25533548,22.1251878,AJ Brodeur,1044,27,1,11
3,48.70106924,24.32985586,Jordan Dingle,1044,27,1,11
4,26.25319839,35.55362052,Ryan Betley,1044,27,1,11
5,4.607037211,10.09972567,Max Martz,1044,27,1,11
6,25.45148871,28.73919198,Christian Juzang,1044,27,1,11
7,28.45789999,20.72221722,Chris Lewis,1044,27,1,11
8,26.4536258,25.93325081,Noah Kirkwood,1044,27,1,11
9,40.48354509,19.72009538,Justin Bassey,1044,27,1,11
10,14.42798071,8.496330716,Robert Baker,1044,27,1,11
11,22.44507744,38.76041042,ball,1044,27,1,11
1,16.53246554,27.70366811,Devon Goodman,1043,26,1,11
2,24.48275415,20.28796646,AJ Brodeur,1043,26,1,11
3,46.12891533,24.89772695,Jordan Dingle,1043,26,1,11
4,30.29514928,29.50748743,Ryan Betley,1043,26,1,11
5,3.63830265,19.68669335,Max Martz,1043,26,1,11
6,18.67035902,23.09390763,Christian Juzang,1043,26,1,11
7,25.88574608,17.28160093,Chris Lewis,1043,26,1,11
8,29.49343961,28.30494122,Noah Kirkwood,1043,26,1,11
9,37.51053634,19.48626898,Justin Bassey,1043,26,1,11
10,8.648988108,16.68032782,Robert Baker,1043,26,1,11
11,2.636165559,19.68669335,ball,1043,26,1,11
1,13.59286239,18.78478369,Devon Goodman,1042,25,1,11
2,19.27164128,24.06262133,AJ Brodeur,1042,25,1,11
3,46.52977016,24.86431881,Jordan Dingle,1042,25,1,11
4,34.47072254,25.06474318,Ryan Betley,1042,25,1,11
5,5.609174302,24.2630457,Max Martz,1042,25,1,11
6,16.03140005,16.24607094,Christian Juzang,1042,25,1,11
7,21.44294035,19.25243648,Chris Lewis,1042,25,1,11
8,32.26602094,22.65965075,Noah Kirkwood,1042,25,1,11
9,36.47499672,19.85370958,Justin Bassey,1042,25,1,11
10,9.818150087,21.25668017,Robert Baker,1042,25,1,11
11,6.410883976,24.06262133,ball,1042,25,1,11
1,4.206182374,7.293784503,Devon Goodman,1041,24,1,11
2,9.617722668,25.93325081,AJ Brodeur,1041,24,1,11
3,36.67542414,27.53664576,Jordan Dingle,1041,24,1,11
4,39.08055316,20.72221722,Ryan Betley,1041,24,1,11
5,3.604900119,19.31924664,Max Martz,1041,24,1,11
6,10.82028718,6.692511396,Christian Juzang,1041,24,1,11
7,11.42156943,24.53028023,Chris Lewis,1041,24,1,11
8,33.86944028,11.30227188,Noah Kirkwood,1041,24,1,11
9,33.86944028,23.12730965,Justin Bassey,1041,24,1,11
10,8.415158158,16.91415421,Robert Baker,1041,24,1,11
11,4.005754956,20.12094411,ball,1041,24,1,11
1,2.970209217,7.059958111,Devon Goodman,1040,23,1,11
2,6.845141343,21.72433907,AJ Brodeur,1040,23,1,11
3,40.11609278,25.93325081,Jordan Dingle,1040,23,1,11
4,48.53404435,10.70099877,Ryan Betley,1040,23,1,11
5,2.235310722,24.7307046,Max Martz,1040,23,1,11
6,13.25881873,8.696755085,Christian Juzang,1040,23,1,11
7,11.25454455,20.72221722,Chris Lewis,1040,23,1,11
8,35.30583474,10.90142314,Noah Kirkwood,1040,23,1,11
9,30.4955767,25.13155334,Justin Bassey,1040,23,1,11
10,11.65539938,16.3128811,Robert Baker,1040,23,1,11
11,6.845141343,21.72433907,ball,1040,23,1,11
1,2.769781799,8.730160166,Devon Goodman,1039,22,1,11
2,12.25668164,26.93537266,AJ Brodeur,1039,22,1,11
3,39.91566536,26.93537266,Jordan Dingle,1039,22,1,11
4,47.73233467,7.293784503,Ryan Betley,1039,22,1,11
5,24.48275415,27.73707013,Max Martz,1039,22,1,11
6,8.849415526,10.30015004,Christian Juzang,1039,22,1,11
7,15.46352033,23.72858275,Chris Lewis,1039,22,1,11
8,36.30797183,10.70099877,Noah Kirkwood,1039,22,1,11
9,30.4955767,23.72858275,Justin Bassey,1039,22,1,11
10,22.47847997,20.92264159,Robert Baker,1039,22,1,11
11,12.65753647,27.53664576,ball,1039,22,1,11
1,2.569354381,10.76780894,Devon Goodman,1038,21,1,11
2,21.47634288,25.73282644,AJ Brodeur,1038,21,1,11
3,22.47847997,31.54513314,Jordan Dingle,1038,21,1,11
4,47.53190726,6.692511396,Ryan Betley,1038,21,1,11
5,25.48489124,26.73494829,Max Martz,1038,21,1,11
6,10.45283487,10.70099877,Christian Juzang,1038,21,1,11
7,22.07762513,22.72646091,Chris Lewis,1038,21,1,11
8,38.71310085,10.70099877,Noah Kirkwood,1038,21,1,11
9,23.48061706,25.53240208,Justin Bassey,1038,21,1,11
10,27.48916543,20.92264159,Robert Baker,1038,21,1,11
11,22.47847997,31.34470877,ball,1038,21,1,11
1,2.769781799,13.47353792,Devon Goodman,1037,20,1,11
2,25.48489124,22.92688528,AJ Brodeur,1037,20,1,11
3,18.87078644,28.13791887,Jordan Dingle,1037,20,1,11
4,47.33147984,7.093360134,Ryan Betley,1037,20,1,11
5,37.71096376,26.73494829,Max Martz,1037,20,1,11
6,14.42798071,12.70524246,Christian Juzang,1037,20,1,11
7,22.24465002,23.52815839,Chris Lewis,1037,20,1,11
8,40.48354509,9.498452561,Noah Kirkwood,1037,20,1,11
9,21.04208551,27.73707013,Justin Bassey,1037,20,1,11
10,28.65832741,20.72221722,Robert Baker,1037,20,1,11
11,18.43652907,27.9374945,ball,1037,20,1,11
1,2.769781799,13.20630492,Devon Goodman,1036,19,1,11
2,30.4955767,16.3128811,AJ Brodeur,1036,19,1,11
3,13.86010098,26.33409955,Jordan Dingle,1036,19,1,11
4,48.13318951,8.496330716,Ryan Betley,1036,19,1,11
5,40.3165202,26.13367518,Max Martz,1036,19,1,11
6,12.45710906,11.50269625,Christian Juzang,1036,19,1,11
7,22.87933481,14.50906178,Chris Lewis,1036,19,1,11
8,41.51908471,9.097603823,Noah Kirkwood,1036,19,1,11
9,17.46779451,20.72221722,Justin Bassey,1036,19,1,11
10,33.90284281,19.72009538,Robert Baker,1036,19,1,11
11,39.91566536,25.73282644,ball,1036,19,1,11
1,2.671875401,13.21667136,Devon Goodman,1035,18,1,11
2,32.06559352,11.2020597,AJ Brodeur,1035,18,1,11
3,7.413021067,24.02921931,Jordan Dingle,1035,18,1,11
4,47.49850473,7.193572318,Ryan Betley,1035,18,1,11
5,31.46431126,28.83940416,Max Martz,1035,18,1,11
6,15.4301178,10.40036222,Christian Juzang,1035,18,1,11
7,30.66260159,10.60078659,Chris Lewis,1035,18,1,11
8,42.8886741,6.79272358,Noah Kirkwood,1035,18,1,11
9,17.03353715,18.21691261,Justin Bassey,1035,18,1,11
10,32.66687577,26.23388737,Robert Baker,1035,18,1,11
11,30.66260159,29.03982853,ball,1035,18,1,11
1,2.569354381,10.73440386,Devon Goodman,1034,17,1,11
2,33.10113314,9.69887693,AJ Brodeur,1034,17,1,11
3,7.646851016,23.52815839,Jordan Dingle,1034,17,1,11
4,48.33361693,15.11033489,Ryan Betley,1034,17,1,11
5,24.88360899,23.52815839,Max Martz,1034,17,1,11
6,16.06480258,9.298028192,Christian Juzang,1034,17,1,11
7,30.29514928,9.69887693,Chris Lewis,1034,17,1,11
8,41.71951213,11.10184751,Noah Kirkwood,1034,17,1,11
9,16.46565742,19.92051975,Justin Bassey,1034,17,1,11
10,30.69600412,19.11882227,Robert Baker,1034,17,1,11
11,24.28232673,23.32773402,ball,1034,17,1,11
1,3.571491472,14.84310342,Devon Goodman,1033,16,1,11
2,33.30156056,11.10184751,AJ Brodeur,1033,16,1,11
3,13.05839131,13.70736431,Jordan Dingle,1033,16,1,11
4,40.3165202,27.73707013,Ryan Betley,1033,16,1,11
5,23.28018964,22.92688528,Max Martz,1033,16,1,11
6,10.45283487,12.30439373,Christian Juzang,1033,16,1,11
7,30.69600412,8.897179454,Chris Lewis,1033,16,1,11
8,38.31224601,20.72221722,Noah Kirkwood,1033,16,1,11
9,11.45497196,14.90991052,Justin Bassey,1033,16,1,11
10,24.08189932,19.11882227,Robert Baker,1033,16,1,11
11,22.67890739,22.72646091,ball,1033,16,1,11
1,8.907395081,24.32166783,Devon Goodman,1032,15,1,11
2,32.06559352,12.87226481,AJ Brodeur,1032,15,1,11
3,23.44721453,6.659109373,Jordan Dingle,1032,15,1,11
4,36.07414188,33.11512607,Ryan Betley,1032,15,1,11
5,20.24037584,27.50324374,Max Martz,1032,15,1,11
6,11.42156943,20.28796646,Christian Juzang,1032,15,1,11
7,30.26174675,10.66759675,Chris Lewis,1032,15,1,11
8,35.47285963,25.69942442,Noah Kirkwood,1032,15,1,11
9,19.23823875,7.861655587,Justin Bassey,1032,15,1,11
10,21.44294035,21.08966394,Robert Baker,1032,15,1,11
11,23.64764195,6.659109373,ball,1032,15,1,11
1,19.63909358,28.13791887,Devon Goodman,1022,26,1,12
2,21.44294035,19.31924664,AJ Brodeur,1022,26,1,12
3,35.47285963,17.11457858,Jordan Dingle,1022,26,1,12
4,13.2254162,9.69887693,Ryan Betley,1022,26,1,12
5,31.46431126,7.69463324,Max Martz,1022,26,1,12
6,20.84165809,33.34895246,Christian Juzang,1022,26,1,12
7,20.84165809,28.13791887,Chris Lewis,1022,26,1,12
8,2.803190446,6.291662658,Noah Kirkwood,1022,26,1,12
9,42.68824669,23.12730965,Justin Bassey,1022,26,1,12
10,47.49850473,3.686145862,Robert Baker,1022,26,1,12
11,21.04208551,33.54937683,ball,1022,26,1,12
1,19.80611235,28.00430466,Devon Goodman,1021,25,1,12
2,20.67463321,17.11457858,AJ Brodeur,1021,25,1,12
3,32.7002783,18.11670042,Jordan Dingle,1021,25,1,12
4,14.86223807,10.50057441,Ryan Betley,1021,25,1,12
5,33.10113314,7.69463324,Max Martz,1021,25,1,12
6,23.68104448,29.74131382,Christian Juzang,1021,25,1,12
7,20.47420579,27.9374945,Chris Lewis,1021,25,1,12
8,2.435738141,8.496330716,Noah Kirkwood,1021,25,1,12
9,44.92635082,22.1251878,Justin Bassey,1021,25,1,12
10,47.53190726,4.688267707,Robert Baker,1021,25,1,12
11,24.08189932,29.54088945,ball,1021,25,1,12
1,26.62064458,22.19199797,Devon Goodman,1020,24,1,12
2,21.07548804,17.11457858,AJ Brodeur,1020,24,1,12
3,31.69814121,18.9183979,Jordan Dingle,1020,24,1,12
4,15.46352033,10.09972567,Ryan Betley,1020,24,1,12
5,34.30369765,7.895057609,Max Martz,1020,24,1,12
6,31.49771379,27.53664576,Christian Juzang,1020,24,1,12
7,19.67249611,23.12730965,Chris Lewis,1020,24,1,12
8,3.437875232,12.30439373,Noah Kirkwood,1020,24,1,12
9,45.32720565,21.72433907,Justin Bassey,1020,24,1,12
10,47.73233467,5.089116444,Robert Baker,1020,24,1,12
11,31.89856863,27.53664576,ball,1020,24,1,12
1,29.42662843,25.43219142,Devon Goodman,1019,23,1,12
2,20.47420579,14.50906178,AJ Brodeur,1019,23,1,12
3,38.31224601,18.31712479,Jordan Dingle,1019,23,1,12
4,10.45283487,16.51330547,Ryan Betley,1019,23,1,12
5,34.70455249,6.692511396,Max Martz,1019,23,1,12
6,34.70455249,30.34258693,Christian Juzang,1019,23,1,12
7,18.87078644,16.11245674,Chris Lewis,1019,23,1,12
8,8.448560689,24.7307046,Noah Kirkwood,1019,23,1,12
9,46.52977016,21.92476343,Justin Bassey,1019,23,1,12
10,47.53190726,5.489965182,Robert Baker,1019,23,1,12
11,34.30369765,30.94386004,ball,1019,23,1,12
1,29.22620101,23.19411981,Devon Goodman,1018,22,1,12
2,19.60568494,9.364838354,AJ Brodeur,1018,22,1,12
3,39.44799935,20.38817864,Jordan Dingle,1018,22,1,12
4,10.78687853,20.58860301,Ryan Betley,1018,22,1,12
5,34.63774131,6.759321558,Max Martz,1018,22,1,12
6,31.43090261,26.80175845,Christian Juzang,1018,22,1,12
7,17.40098333,10.76780894,Chris Lewis,1018,22,1,12
8,6.17704791,28.20472903,Noah Kirkwood,1018,22,1,12
9,44.65911222,23.99581729,Justin Bassey,1018,22,1,12
10,40.0492816,5.155926606,Robert Baker,1018,22,1,12
11,45.66124931,21.18987612,ball,1018,22,1,12
1,22.61209621,16.64692274,Devon Goodman,1017,21,1,12
2,24.68318157,9.298028192,AJ Brodeur,1017,21,1,12
3,39.51481052,21.32349033,Jordan Dingle,1017,21,1,12
4,20.07335095,21.12306596,Ryan Betley,1017,21,1,12
5,30.89643154,5.690389551,Max Martz,1017,21,1,12
6,19.4720687,18.51754916,Christian Juzang,1017,21,1,12
7,18.4699316,8.696755085,Chris Lewis,1017,21,1,12
8,6.04343167,28.93961635,Noah Kirkwood,1017,21,1,12
9,42.28739185,25.33197771,Justin Bassey,1017,21,1,12
10,21.84379518,1.681902173,Robert Baker,1017,21,1,12
11,41.48568218,25.73282644,ball,1017,21,1,12
1,17.99343804,11.9695864,Devon Goodman,1016,20,1,12
2,22.0442226,9.197816007,AJ Brodeur,1016,20,1,12
3,39.08055316,18.21691261,Jordan Dingle,1016,20,1,12
4,18.03567424,27.43643358,Ryan Betley,1016,20,1,12
5,21.44294035,3.786358046,Max Martz,1016,20,1,12
6,8.816012995,13.20630339,Christian Juzang,1016,20,1,12
7,21.04208551,10.19993785,Chris Lewis,1016,20,1,12
8,11.22114201,35.45340834,Noah Kirkwood,1016,20,1,12
9,43.28952894,19.01861008,Justin Bassey,1016,20,1,12
10,11.62199685,4.588055522,Robert Baker,1016,20,1,12
11,11.62199685,34.85213523,ball,1016,20,1,12
1,11.62199379,13.80757649,Devon Goodman,1015,19,1,12
2,20.03994536,12.10396936,AJ Brodeur,1015,19,1,12
3,37.07627592,15.91203237,Jordan Dingle,1015,19,1,12
4,17.83524376,28.33834324,Ryan Betley,1015,19,1,12
5,14.42797765,7.494208872,Max Martz,1015,19,1,12
6,2.402332551,14.90991052,Christian Juzang,1015,19,1,12
7,19.63909052,13.70736431,Chris Lewis,1015,19,1,12
8,13.42584056,35.35319615,Noah Kirkwood,1015,19,1,12
9,45.6946549,14.70948615,Justin Bassey,1015,19,1,12
10,6.611308336,5.289540813,Robert Baker,1015,19,1,12
11,13.62626798,34.75192305,ball,1015,19,1,12
1,8.582176929,13.74076939,Devon Goodman,1014,18,1,12
2,19.27164128,12.50481809,AJ Brodeur,1014,18,1,12
3,34.50412507,12.70524246,Jordan Dingle,1014,18,1,12
4,18.4699316,25.33197771,Ryan Betley,1014,18,1,12
5,15.66394775,5.489965182,Max Martz,1014,18,1,12
6,2.034883304,15.91203237,Christian Juzang,1014,18,1,12
7,18.4699316,14.90991052,Chris Lewis,1014,18,1,12
8,15.06266549,33.54937683,Noah Kirkwood,1014,18,1,12
9,47.13105242,11.70312062,Justin Bassey,1014,18,1,12
10,5.843004252,4.0869946,Robert Baker,1014,18,1,12
11,15.46352033,33.14852809,ball,1014,18,1,12
1,8.615582518,12.13737444,Devon Goodman,1013,17,1,12
2,19.23823569,15.711608,AJ Brodeur,1013,17,1,12
3,33.6690098,10.50057441,Jordan Dingle,1013,17,1,12
4,19.43866311,22.92688528,Ryan Betley,1013,17,1,12
5,18.43652601,5.289540813,Max Martz,1013,17,1,12
6,4.607034153,14.70948615,Christian Juzang,1013,17,1,12
7,18.03567118,21.5239147,Chris Lewis,1013,17,1,12
8,17.63481634,27.9374945,Noah Kirkwood,1013,17,1,12
9,47.29807425,8.696755085,Justin Bassey,1013,17,1,12
10,21.44293729,3.285297124,Robert Baker,1013,17,1,12
11,17.03353409,27.73707013,ball,1013,17,1,12
1,8.21473074,9.665474907,Devon Goodman,1012,16,1,12
2,19.43866616,12.50481809,AJ Brodeur,1012,16,1,12
3,33.06773061,11.30227188,Jordan Dingle,1012,16,1,12
4,19.03781133,22.72646091,Ryan Betley,1012,16,1,12
5,24.85020646,5.89081392,Max Martz,1012,16,1,12
6,3.404472701,11.90354499,Christian Juzang,1012,16,1,12
7,17.83524682,19.92051975,Chris Lewis,1012,16,1,12
8,16.03140005,25.13155334,Noah Kirkwood,1012,16,1,12
9,46.69679505,12.70524246,Justin Bassey,1012,16,1,12
10,37.67756123,1.080629066,Robert Baker,1012,16,1,12
11,15.4301178,25.13155334,ball,1012,16,1,12
1,12.99158013,11.83673483,Devon Goodman,1011,15,1,12
2,18.87078644,9.832491137,AJ Brodeur,1011,15,1,12
3,32.49985088,11.23546172,Jordan Dingle,1011,15,1,12
4,16.26523,15.8452222,Ryan Betley,1011,15,1,12
5,30.89643154,5.42315502,Max Martz,1011,15,1,12
6,2.803190446,8.229096185,Christian Juzang,1011,15,1,12
7,18.43652907,16.24607094,Chris Lewis,1011,15,1,12
8,15.22969038,16.04564657,Noah Kirkwood,1011,15,1,12
9,43.28952894,20.85583143,Justin Bassey,1011,15,1,12
10,45.49423054,4.621457545,Robert Baker,1011,15,1,12
11,14.62840813,16.24607094,ball,1011,15,1,12
1,8.181322093,9.93270638,Devon Goodman,1010,14,1,12
2,21.47634288,8.496330716,AJ Brodeur,1010,14,1,12
3,30.69600412,16.51330547,Jordan Dingle,1010,14,1,12
4,19.07121386,9.298028192,Ryan Betley,1010,14,1,12
5,30.4955767,5.289540813,Max Martz,1010,14,1,12
6,2.836592977,5.89081392,Christian Juzang,1010,14,1,12
7,23.48061706,10.50057441,Chris Lewis,1010,14,1,12
8,21.07548804,7.69463324,Noah Kirkwood,1010,14,1,12
9,38.51267343,26.33409955,Justin Bassey,1010,14,1,12
10,47.13105242,11.10184751,Robert Baker,1010,14,1,12
11,21.07548804,7.494208872,ball,1010,14,1,12
1,48.86808801,18.61776135,Devon Goodman,1005,27,1,13
2,30.89643154,45.57483897,AJ Brodeur,1005,27,1,13
3,13.05839131,28.53876761,Jordan Dingle,1005,27,1,13
4,36.30797183,27.9374945,Ryan Betley,1005,27,1,13
5,5.642576833,23.72858275,Max Martz,1005,27,1,13
6,43.32293147,10.70099877,Christian Juzang,1005,27,1,13
7,25.48489124,40.36380538,Chris Lewis,1005,27,1,13
8,30.29514928,26.73494829,Noah Kirkwood,1005,27,1,13
9,22.07762513,20.12094411,Justin Bassey,1005,27,1,13
10,19.87292353,15.711608,Robert Baker,1005,27,1,13
11,36.50839925,28.53876761,ball,1005,27,1,13
1,42.05355578,23.52815839,Devon Goodman,1004,26,1,13
2,30.09472186,37.35743984,AJ Brodeur,1004,26,1,13
3,13.25881873,25.93325081,Jordan Dingle,1004,26,1,13
4,45.12677824,17.71585169,Ryan Betley,1004,26,1,13
5,3.63830265,15.91203237,Max Martz,1004,26,1,13
6,43.12250405,13.70736431,Christian Juzang,1004,26,1,13
7,26.88788317,28.13791887,Chris Lewis,1004,26,1,13
8,40.71737503,17.91627606,Noah Kirkwood,1004,26,1,13
9,21.47634288,20.72221722,Justin Bassey,1004,26,1,13
10,20.47420579,11.10184751,Robert Baker,1004,26,1,13
11,41.31865729,24.53028023,ball,1004,26,1,13
1,45.25156693,20.22410296,Devon Goodman,1003,25,1,13
2,31.26388384,33.54937683,AJ Brodeur,1003,25,1,13
3,11.42156943,25.53240208,Jordan Dingle,1003,25,1,13
4,48.09978698,10.70099877,Ryan Betley,1003,25,1,13
5,3.404472701,16.91415421,Max Martz,1003,25,1,13
6,43.48995636,8.295906347,Christian Juzang,1003,25,1,13
7,28.85875482,24.7307046,Chris Lewis,1003,25,1,13
8,42.48781927,15.11033489,Noah Kirkwood,1003,25,1,13
9,20.64123067,20.72221722,Justin Bassey,1003,25,1,13
10,19.839521,10.30015004,Robert Baker,1003,25,1,13
11,45.29380312,20.32136848,ball,1003,25,1,13
1,40.85099127,18.48414714,Devon Goodman,1002,24,1,13
2,30.4955767,30.64322348,AJ Brodeur,1002,24,1,13
3,13.25881873,26.73494829,Jordan Dingle,1002,24,1,13
4,48.73447177,9.899301299,Ryan Betley,1002,24,1,13
5,6.04343167,13.30651557,Max Martz,1002,24,1,13
6,40.71737503,8.496330716,Christian Juzang,1002,24,1,13
7,29.49343961,22.92688528,Chris Lewis,1002,24,1,13
8,39.71523794,16.71372984,Noah Kirkwood,1002,24,1,13
9,20.47420579,16.91415421,Justin Bassey,1002,24,1,13
10,20.07335095,10.09972567,Robert Baker,1002,24,1,13
11,41.11822987,18.71797353,ball,1002,24,1,13
1,39.24757193,14.47565976,Devon Goodman,1001,23,1,13
2,31.09685896,30.71003364,AJ Brodeur,1001,23,1,13
3,16.86651226,28.90621432,Jordan Dingle,1001,23,1,13
4,47.53190726,9.0642018,Ryan Betley,1001,23,1,13
5,5.241721997,16.47990345,Max Martz,1001,23,1,13
6,44.12464115,8.863777431,Christian Juzang,1001,23,1,13
7,30.4955767,22.89348326,Chris Lewis,1001,23,1,13
8,38.1118186,15.27735724,Noah Kirkwood,1001,23,1,13
9,20.84165809,17.68244966,Justin Bassey,1001,23,1,13
10,19.839521,9.264626169,Robert Baker,1001,23,1,13
11,47.09764989,8.663353062,ball,1001,23,1,13
1,43.64814758,5.466929094,Devon Goodman,1000,22,1,13
2,34.67114995,27.9374945,AJ Brodeur,1000,22,1,13
3,13.62627103,26.93537266,Jordan Dingle,1000,22,1,13
4,46.0955128,18.11670042,Ryan Betley,1000,22,1,13
5,4.406609793,13.70736431,Max Martz,1000,22,1,13
6,41.88653701,13.1060912,Christian Juzang,1000,22,1,13
7,34.0698677,23.72858275,Chris Lewis,1000,22,1,13
8,37.47713381,8.496330716,Noah Kirkwood,1000,22,1,13
9,20.44080326,21.32349033,Justin Bassey,1000,22,1,13
10,18.43652907,11.30227188,Robert Baker,1000,22,1,13
11,35.07200479,27.9374945,ball,1000,22,1,13
1,47.26466866,6.725916477,Devon Goodman,999,21,1,13
2,35.30583474,27.73707013,AJ Brodeur,999,21,1,13
3,11.65539938,32.14640625,Jordan Dingle,999,21,1,13
4,45.32720565,22.72646091,Ryan Betley,999,21,1,13
5,2.836592977,12.10396936,Max Martz,999,21,1,13
6,39.11395569,18.51754916,Christian Juzang,999,21,1,13
7,31.89856863,22.72646091,Chris Lewis,999,21,1,13
8,40.91780245,8.696755085,Noah Kirkwood,999,21,1,13
9,14.46138324,25.73282644,Justin Bassey,999,21,1,13
10,16.06480258,12.30439373,Robert Baker,999,21,1,13
11,34.9049799,27.9374945,ball,999,21,1,13
1,47.29807348,11.50269625,Devon Goodman,998,20,1,13
2,31.49771379,29.34046508,AJ Brodeur,998,20,1,13
3,16.46565742,33.34895246,Jordan Dingle,998,20,1,13
4,47.93276209,23.52815839,Ryan Betley,998,20,1,13
5,2.836592977,9.097603823,Max Martz,998,20,1,13
6,39.51481052,18.71797353,Christian Juzang,998,20,1,13
7,30.26174675,21.72433907,Chris Lewis,998,20,1,13
8,39.28098058,10.70099877,Noah Kirkwood,998,20,1,13
9,20.24037584,29.34046508,Justin Bassey,998,20,1,13
10,12.22327911,12.50481809,Robert Baker,998,20,1,13
11,30.86302901,29.94173819,ball,998,20,1,13
1,47.29807731,13.40672775,Devon Goodman,997,19,1,13
2,23.64764195,30.84364785,AJ Brodeur,997,19,1,13
3,18.43652907,39.86274445,Jordan Dingle,997,19,1,13
4,47.89935956,22.82667309,Ryan Betley,997,19,1,13
5,2.40233561,7.393996687,Max Martz,997,19,1,13
6,39.28098058,18.81818572,Christian Juzang,997,19,1,13
7,26.05277097,23.4279462,Chris Lewis,997,19,1,13
8,37.47713381,12.40460591,Noah Kirkwood,997,19,1,13
9,19.43866616,30.44279911,Justin Bassey,997,19,1,13
10,10.41943234,13.80757649,Robert Baker,997,19,1,13
11,17.43439198,39.46189572,ball,997,19,1,13
1,48.66766059,10.73440386,Devon Goodman,996,18,1,13
2,23.07976222,28.53876761,AJ Brodeur,996,18,1,13
3,16.66608484,32.54725499,Jordan Dingle,996,18,1,13
4,46.12891533,24.93112897,Ryan Betley,996,18,1,13
5,3.237447814,5.89081392,Max Martz,996,18,1,13
6,42.5212218,11.50269625,Christian Juzang,996,18,1,13
7,24.48275415,29.34046508,Chris Lewis,996,18,1,13
8,40.51694762,8.095481978,Noah Kirkwood,996,18,1,13
9,19.67249611,31.54513314,Justin Bassey,996,18,1,13
10,11.45497196,12.10396936,Robert Baker,996,18,1,13
11,16.06480258,32.34683062,ball,996,18,1,13
1,48.46723317,12.07056733,Devon Goodman,995,17,1,13
2,22.87933481,20.28796646,AJ Brodeur,995,17,1,13
3,17.86864935,18.0832984,Jordan Dingle,995,17,1,13
4,41.11822987,25.69942442,Ryan Betley,995,17,1,13
5,3.437875232,6.859533742,Max Martz,995,17,1,13
6,41.71951213,7.460806849,Christian Juzang,995,17,1,13
7,23.8814719,20.6888152,Chris Lewis,995,17,1,13
8,36.70882667,20.08754209,Noah Kirkwood,995,17,1,13
9,20.67463321,24.69730258,Justin Bassey,995,17,1,13
10,13.25881873,9.465050538,Robert Baker,995,17,1,13
11,17.46779451,17.4820253,ball,995,17,1,13
1,46.86381382,15.67820597,Devon Goodman,994,16,1,13
2,21.47634288,16.3128811,AJ Brodeur,994,16,1,13
3,22.64550486,6.892935765,Jordan Dingle,994,16,1,13
4,35.87371446,26.73494829,Ryan Betley,994,16,1,13
5,2.40233561,10.50057441,Max Martz,994,16,1,13
6,30.46217417,7.293784503,Christian Juzang,994,16,1,13
7,24.04849679,10.70099877,Chris Lewis,994,16,1,13
8,32.86730319,16.11245674,Noah Kirkwood,994,16,1,13
9,24.44935162,16.51330547,Justin Bassey,994,16,1,13
10,18.63695649,10.90142314,Robert Baker,994,16,1,13
11,22.64550486,6.492087027,ball,994,16,1,13
1,16.39884624,27.20260719,Devon Goodman,990,28,1,14
2,19.4720687,11.50269625,AJ Brodeur,990,28,1,14
3,33.10113314,14.70948615,Jordan Dingle,990,28,1,14
4,22.47847997,22.72646091,Ryan Betley,990,28,1,14
5,11.45497196,7.093360134,Max Martz,990,28,1,14
6,9.651125199,37.75828858,Christian Juzang,990,28,1,14
7,17.66822193,13.70736431,Chris Lewis,990,28,1,14
8,1.433601049,5.089116444,Noah Kirkwood,990,28,1,14
9,46.32934275,17.71585169,Justin Bassey,990,28,1,14
10,24.68318157,31.14428441,Robert Baker,990,28,1,14
11,9.250270363,37.35743984,ball,990,28,1,14
1,18.43652907,26.76835337,Devon Goodman,989,27,1,14
2,19.03781133,11.50269625,AJ Brodeur,989,27,1,14
3,33.66901286,15.91203237,Jordan Dingle,989,27,1,14
4,13.2254162,7.69463324,Ryan Betley,989,27,1,14
5,24.64977904,23.32773402,Max Martz,989,27,1,14
6,20.44080326,32.14640625,Christian Juzang,989,27,1,14
7,17.6348194,12.30439373,Chris Lewis,989,27,1,14
8,2.40233561,8.295906347,Noah Kirkwood,989,27,1,14
9,44.89294829,17.71585169,Justin Bassey,989,27,1,14
10,25.05063388,29.74131382,Robert Baker,989,27,1,14
11,24.44935162,30.74343567,ball,989,27,1,14
1,22.44507744,18.25031769,Devon Goodman,988,26,1,14
2,20.64123067,9.69887693,AJ Brodeur,988,26,1,14
3,33.66901286,14.90991052,Jordan Dingle,988,26,1,14
4,11.42156943,9.69887693,Ryan Betley,988,26,1,14
5,27.4557629,24.7307046,Max Martz,988,26,1,14
6,23.44721453,22.72646091,Christian Juzang,988,26,1,14
7,19.23823875,11.10184751,Chris Lewis,988,26,1,14
8,6.410883976,18.51754916,Noah Kirkwood,988,26,1,14
9,42.68824669,19.51967101,Justin Bassey,988,26,1,14
10,31.46431126,29.54088945,Robert Baker,988,26,1,14
11,31.06345643,29.74131382,ball,988,26,1,14
1,32.83389454,12.10397089,Devon Goodman,987,25,1,14
2,18.87078644,10.90142314,AJ Brodeur,987,25,1,14
3,38.51267343,17.71585169,Jordan Dingle,987,25,1,14
4,10.45283487,20.52179285,Ryan Betley,987,25,1,14
5,25.48489124,22.1251878,Max Martz,987,25,1,14
6,37.10968151,20.52179285,Christian Juzang,987,25,1,14
7,18.26950419,11.90354499,Chris Lewis,987,25,1,14
8,9.450697781,25.73282644,Noah Kirkwood,987,25,1,14
9,40.51694762,17.11457858,Justin Bassey,987,25,1,14
10,23.8814719,29.94173819,Robert Baker,987,25,1,14
11,9.851552617,26.53452392,ball,987,25,1,14
1,35.80920856,16.69069375,Devon Goodman,986,24,1,14
2,19.43866616,7.293784503,AJ Brodeur,986,24,1,14
3,32.86730319,10.90142314,Jordan Dingle,986,24,1,14
4,11.22114201,19.72009538,Ryan Betley,986,24,1,14
5,19.03781133,19.51967101,Max Martz,986,24,1,14
6,45.69465796,19.72009538,Christian Juzang,986,24,1,14
7,17.43439198,9.097603823,Chris Lewis,986,24,1,14
8,11.42156943,25.73282644,Noah Kirkwood,986,24,1,14
9,46.49636763,4.688267707,Justin Bassey,986,24,1,14
10,16.43225489,25.93325081,Robert Baker,986,24,1,14
11,16.63268231,9.69887693,ball,986,24,1,14
1,36.04073324,16.71372984,Devon Goodman,985,23,1,14
2,19.4720687,7.69463324,AJ Brodeur,985,23,1,14
3,31.29728637,7.895057609,Jordan Dingle,985,23,1,14
4,16.86651226,18.11670042,Ryan Betley,985,23,1,14
5,16.46565742,15.51118363,Max Martz,985,23,1,14
6,43.52335889,20.12094411,Christian Juzang,985,23,1,14
7,18.4699316,8.696755085,Chris Lewis,985,23,1,14
8,13.25881873,27.3362214,Noah Kirkwood,985,23,1,14
9,46.52977016,5.089116444,Justin Bassey,985,23,1,14
10,13.65967356,22.92688528,Robert Baker,985,23,1,14
11,17.46779451,9.097603823,ball,985,23,1,14
1,32.60236987,16.51253876,Devon Goodman,984,22,1,14
2,19.23823875,7.494208872,AJ Brodeur,984,22,1,14
3,32.46644835,5.690389551,Jordan Dingle,984,22,1,14
4,20.44080326,19.31924664,Ryan Betley,984,22,1,14
5,18.83738391,17.71585169,Max Martz,984,22,1,14
6,41.48568218,23.52815839,Christian Juzang,984,22,1,14
7,18.43652907,8.095481978,Chris Lewis,984,22,1,14
8,19.43866616,30.5430113,Noah Kirkwood,984,22,1,14
9,46.29594022,4.688267707,Justin Bassey,984,22,1,14
10,19.03781133,18.9183979,Robert Baker,984,22,1,14
11,17.83524682,8.496330716,ball,984,22,1,14
1,31.26388384,17.68244966,Devon Goodman,983,21,1,14
2,20.84165809,5.690389551,AJ Brodeur,983,21,1,14
3,32.66687577,6.291662658,Jordan Dingle,983,21,1,14
4,20.84165809,15.711608,Ryan Betley,983,21,1,14
5,24.64977904,7.69463324,Max Martz,983,21,1,14
6,30.26174675,29.74131382,Christian Juzang,983,21,1,14
7,19.63909358,6.291662658,Chris Lewis,983,21,1,14
8,22.84593228,29.74131382,Noah Kirkwood,983,21,1,14
9,46.49636763,7.895057609,Justin Bassey,983,21,1,14
10,27.4557629,8.095481978,Robert Baker,983,21,1,14
11,19.43866616,6.692511396,ball,983,21,1,14
1,28.0236365,19.85371264,Devon Goodman,982,20,1,14
2,19.67249611,5.690389551,AJ Brodeur,982,20,1,14
3,33.50198798,7.494208872,Jordan Dingle,982,20,1,14
4,18.4699316,10.09972567,Ryan Betley,982,20,1,14
5,28.89215736,5.89081392,Max Martz,982,20,1,14
6,33.50198798,28.33834324,Christian Juzang,982,20,1,14
7,18.4699316,8.295906347,Chris Lewis,982,20,1,14
8,21.6767703,28.93961635,Noah Kirkwood,982,20,1,14
9,39.11395569,9.69887693,Justin Bassey,982,20,1,14
10,29.69386703,5.89081392,Robert Baker,982,20,1,14
11,17.86864935,7.895057609,ball,982,20,1,14
1,21.60995912,22.35901725,Devon Goodman,981,19,1,14
2,19.07121386,8.095481978,AJ Brodeur,981,19,1,14
3,31.29728637,10.90142314,Jordan Dingle,981,19,1,14
4,18.87078644,19.11882227,Ryan Betley,981,19,1,14
5,28.49130252,6.892935765,Max Martz,981,19,1,14
6,43.52335889,21.72433907,Christian Juzang,981,19,1,14
7,17.66822193,9.498452561,Chris Lewis,981,19,1,14
8,23.28018964,28.73919198,Noah Kirkwood,981,19,1,14
9,29.89429445,11.10184751,Justin Bassey,981,19,1,14
10,32.09899605,4.688267707,Robert Baker,981,19,1,14
11,23.07976222,28.73919198,ball,981,19,1,14
1,31.03004778,20.58860301,Devon Goodman,980,18,1,14
2,20.67463321,8.963989616,AJ Brodeur,980,18,1,14
3,26.0861735,9.765687092,Jordan Dingle,980,18,1,14
4,18.67035902,19.3860568,Ryan Betley,980,18,1,14
5,32.49985088,7.761443402,Max Martz,980,18,1,14
6,44.7259234,21.59072486,Christian Juzang,980,18,1,14
7,17.26736709,11.76993078,Chris Lewis,980,18,1,14
8,21.24251293,18.78478369,Noah Kirkwood,980,18,1,14
9,18.63695649,12.97247699,Justin Bassey,980,18,1,14
10,45.69465796,5.155926606,Robert Baker,980,18,1,14
11,21.64336777,18.78478369,ball,980,18,1,14
1,35.27243221,18.75137861,Devon Goodman,979,17,1,14
2,21.04208551,8.295906347,AJ Brodeur,979,17,1,14
3,29.86089192,12.10396936,Jordan Dingle,979,17,1,14
4,23.44721453,10.90142314,Ryan Betley,979,17,1,14
5,33.06773061,4.888692075,Max Martz,979,17,1,14
6,45.49423054,15.711608,Christian Juzang,979,17,1,14
7,18.43652907,9.69887693,Chris Lewis,979,17,1,14
8,23.44721453,8.696755085,Noah Kirkwood,979,17,1,14
9,11.0207146,24.7307046,Justin Bassey,979,17,1,14
10,46.29594022,4.487843338,Robert Baker,979,17,1,14
11,11.0207146,24.53028023,ball,979,17,1,14
1,31.43090261,17.44861716,Devon Goodman,978,16,1,14
2,19.4720687,9.030793661,AJ Brodeur,978,16,1,14
3,26.48702834,10.43376424,Jordan Dingle,978,16,1,14
4,23.28018964,9.832491137,Ryan Betley,978,16,1,14
5,34.10327023,5.022306283,Max Martz,978,16,1,14
6,41.71951213,21.45710453,Christian Juzang,978,16,1,14
7,17.66822193,10.03291551,Chris Lewis,978,16,1,14
8,29.29301219,5.824003758,Noah Kirkwood,978,16,1,14
9,15.26309291,27.67025997,Justin Bassey,978,16,1,14
10,44.52549598,5.623579389,Robert Baker,978,16,1,14
11,15.26309291,27.4698356,ball,978,16,1,14
1,29.42662843,17.01436792,Devon Goodman,977,15,1,14
2,19.07121386,9.69887693,AJ Brodeur,977,15,1,14
3,22.07762513,10.50057441,Jordan Dingle,977,15,1,14
4,22.47847997,7.69463324,Ryan Betley,977,15,1,14
5,30.89643154,9.498452561,Max Martz,977,15,1,14
6,37.51053634,30.14216256,Christian Juzang,977,15,1,14
7,16.06480258,15.711608,Chris Lewis,977,15,1,14
8,29.49343961,8.095481978,Noah Kirkwood,977,15,1,14
9,16.06480258,34.15064994,Justin Bassey,977,15,1,14
10,31.49771379,10.50057441,Robert Baker,977,15,1,14
11,air,air,ball,977,15,1,14
1,13.0050223,22.83704277,Devon Goodman,966,21,1,15
2,30.46217417,32.14640625,AJ Brodeur,966,21,1,15
3,23.84806937,27.9374945,Jordan Dingle,966,21,1,15
4,46.49636763,9.097603823,Ryan Betley,966,21,1,15
5,2.001480773,4.688267707,Max Martz,966,21,1,15
6,15.4301178,20.52179285,Christian Juzang,966,21,1,15
7,29.86089192,28.13791887,Chris Lewis,966,21,1,15
8,40.88439992,10.70099877,Noah Kirkwood,966,21,1,15
9,27.25533548,25.53240208,Justin Bassey,966,21,1,15
10,16.43225489,8.496330716,Robert Baker,966,21,1,15
11,30.46217417,31.94598188,ball,966,21,1,15
1,26.85448064,12.40460591,Devon Goodman,965,20,1,15
2,28.85875482,29.74131382,AJ Brodeur,965,20,1,15
3,11.22114201,26.13367518,Jordan Dingle,965,20,1,15
4,46.69679505,10.30015004,Ryan Betley,965,20,1,15
5,2.40233561,8.095481978,Max Martz,965,20,1,15
6,18.43652907,18.9183979,Christian Juzang,965,20,1,15
7,29.05918224,25.53240208,Chris Lewis,965,20,1,15
8,42.68824669,10.50057441,Noah Kirkwood,965,20,1,15
9,20.24037584,23.72858275,Justin Bassey,965,20,1,15
10,16.03140005,10.30015004,Robert Baker,965,20,1,15
11,26.4536258,12.70524246,ball,965,20,1,15
